product_key,name,category
plus123:g5jecb,Paypal 接码 （一次码|巴西|看清楚商品说明）,sms_接码
3GM9S065:k3d17z,CHATGPT FREE号 （已经接过码）,gpt_plus_已接码
3GM9S065:zfpmog,🟨【21-26年老号】谷歌邮箱成品老号·Gmail带2fa链接·包登录🟡自动发货,邮箱_gmail
plus123:m1g92p,高纯净度家庭住宅 美国IP,IP代理_住宅IP
plus123:pe3hf0,（可抵扣）美国公司注册，多州可选，适合跨境 / TikTok / 海外项目,企业服务_公司注册
plus123:4q0578,最稳巴西pix渠道- 质保15天- icloud 邮箱-支持登录codex，动态家宽注册,邮箱_icloud
plus123:djo1gu,英国 实体卡 Giffgaff 旅游专用(一天内发货）,号码_英国
plus123:n8423k,美国教育邮箱（@live.hccc.edu）,邮箱_教育邮箱
plus123:vixzco,【印度+91】,号码_印度
plus123:65djsf,【随机国家】 双向撸毛号,号码_随机国家
plus123:gt7xha,【美国+1】特价 精养推荐,号码_美国
plus123:7mw4xh,Twitter推特账号 注册1-7天 | 邮箱认证 邮箱可用 | 包含2FA+CT0+token登录,社交账号_twitter
3GM9S065:5uhoit,Outlook邮箱—无售后,邮箱_outlook
plus123:7smune,【随机地区】】6-12个月,号码_随机国家
plus123:hc5dxk,[ 30天 ] 有效期卡密｜附加商品｜自动发货,卡密兑换_有效期卡密
plus123:amb1d0,[ 14天 ] 有效期卡密｜附加商品｜自动发货,卡密兑换_有效期卡密
plus123:75mhtb,[ 7天 ] 有效期卡密｜附加商品｜自动发货,卡密兑换_有效期卡密
plus123:moke6j,[ 3天 ] 有效期卡密｜附加商品｜自动发货,卡密兑换_有效期卡密
plus123:84et1t,[ 1天 ] 有效期卡密｜附加商品｜自动发货,卡密兑换_有效期卡密
plus123:qqi60z,【长期稳定】 iCloud 邮箱子号｜可回信可收信｜ (质保3天) 非分裂邮箱 支持API/网站,邮箱_icloud
youzhi:iir821,【长期稳定】 iCloud 邮箱子号｜可回信可收信｜ (质保15天) 非分裂邮箱,邮箱_icloud
youzhi:qqxec6,【长期稳定】iCloud 高质量邮箱｜可回信可收信｜ (质保15天) [可注册GPT] 支持 API/网站,邮箱_icloud
plus123:f5mf22,HOTMAIL邮箱(带账密和令牌，可快速取件),邮箱_hotmail
plus123:9pkfx7,Outlook邮箱(带账密和令牌，可快速取件),邮箱_outlook
plus123:1m8o91,06-19年GMAIL邮箱/2FA/随机地区,邮箱_gmail
3GM9S065:kjxraf,gemini三个月优惠链接，给老铁救急用,gemini_优惠链接
3GM9S065:lq4kuz,20-24GMAIL   US(看教程还不会使用的别拍),邮箱_gmail
3GM9S065:79phag,20-24GMAIL邮箱/2FA/随机地区(看教程还不会使用的别拍),邮箱_gmail
plus123:or8ixz,【美国+1】2~3年 精养老号 | 顶级权重 | 无视常规风控,号码_美国
plus123:xtbfx6,【印度+91】1~3年 精养老号 | 高权重 | 抗风控强,号码_印度
plus123:a4kljk,【美国+1】1~2年 精养老号 | 高权重 | 抗风控强,号码_美国
plus123:nge8rj,【加拿大+1】9-12个月 精品稳定号 | 中等权重 | 进阶安全使用期,号码_其他号码
3GM9S065:psvevi,【美国+1】6-12个月 精品稳定号 | 中等权重 | 进阶安全使用期,号码_美国
3GM9S065:xxorwp,【美国+1 】高性价比新号 | 基础权重 | 必备小号备用号,号码_美国
plus123:4881ku,【格陵兰+299】绝版6位短号 注册时间随机,号码_其他号码
plus123:80dso6,Chat GPT GO 月卡 美区（安卓IOS通用）正规IOS 质保30天,gpt_go
plus123:17bvo2,【美国+1】3~6个月 精品优质号 | 中低权重 | 度过风险期,号码_美国
plus123:4881ku,【格陵兰+299】绝版6位短号 注册时间随机,号码_其他号码
plus123:k4s2hl,Perplexity Pro 月卡 全区通用ios直充，可开发票,ai_platform_perplexity
plus123:4ptydz,随机区谷歌Gmail邮箱，12小时质保首登,邮箱_gmail
PAXOVOVJ:sc5mc8,chatgpt成品号-高权重谷歌邮箱开通-未接码-印度UPI【新产】,gpt_plus_未接码
plus123:3ix9zt,英国永久手机号（GG实体卡）,号码_英国
PAXOVOVJ:dz5e6p,bug的team，一个250刀。尽量用cpa跑，sub2调度有问题，下订单前看清楚,gpt_team
plus123:ljcftu,ChatGPT Pro5x月卡  质保不掉订阅 可开发票  IOS渠道,gpt_pro
plus123:8bfeis,质保-Max5X 成品号(全程质保)【预订款】人工交付,gpt_max
plus123:stc8jz,质保-Max20X 成品号(全程质保)【预订款】人工交付,gpt_max
plus123:vt3ha6,GPT Cyber认证【Persona认证】,gpt_cyber
plus123:fjhsid,Max20X 成品号(质保掉订阅)人工交付,gpt_max
plus123:v9nsbt,Max5X 成品号(质保掉订阅)人工交付,gpt_max
plus123:rkevhk,全新Google Gemini年卡账号-已过反重力认证版-可直接用反重力,gemini_成品号
plus123:738i64,Gemini全年激活-到自己账号,gemini_成品号
3GM9S065:h2epih,全新Google Gemini年卡账号,gemini_成品号
3GM9S065:vwchvt,ChatGPT 充值码，对应8美元一个月的Go订阅,gpt_go
plus123:yriffk,gpt free（免费账号）iCloud邮箱,gpt_其他
PAXOVOVJ:p6pvd8,iCloud邮箱子号（非分裂邮箱）,邮箱_icloud
3GM9S065:ekd371,outlook.jp/日本微软邮箱长效 OAuth2令牌号支持imap/pop/graph双协议,邮箱_outlook
3GM9S065:j6yequ,outlook.com.au/澳大利亚微软邮箱长效 OAuth2令牌号支持imap/pop,邮箱_outlook
3GM9S065:qg9j65,微软长效邮箱hotmail邮箱- OAuth2 + Graph 满周长期有效,邮箱_hotmail
3GM9S065:2qrnrq,微软长效邮箱Outlook Trusted 邮箱- OAuth2 + Graph 满周长期有效,邮箱_outlook
plus123:82tz6f,💎 Figma 官方正规教育认证（1年高校高等教育版 / 全 AI 解锁）,开发工具_其他
youzhi:ifgwgu,美国大学教育邮箱Edu Mail【质保7天】,邮箱_教育邮箱
3GM9S065:8jh9jr,Gemini 三个月优惠链接,gemini_优惠链接
plus123:pdzhgf,GPT GO 【秒冲不排队/可覆盖】30天质保 24h可充,gpt_plus_未接码
plus123:atlpx1,闲鱼助手自动采集上品下品降价   测试卡,电商工具_闲鱼助手
plus123:uk78cv,随机  2-4年邮箱  不包gcp,邮箱_其他邮箱
2VWX76A4:9jpsl4,反重力antigravity  24小时自助代过 CDK激活（扫码接码激活代过）,其他_其他
3GM9S065:t1zysx,提取12个月优惠链接 一次 gemin pro（不会用别买不退不换，小白别买）,gemini_优惠链接
3GM9S065:b2d0dk,德国长效 outlook.de  全新注册 业务自测 不售后 看清楚 在下单,邮箱_outlook
3GM9S065:6d3ozh,美国雅虎YAHOO.COM邮箱（网页版）,邮箱_其他邮箱
3GM9S065:4dptcm,美国雅虎（yahoo）邮箱 30天以上老号 业务自测 【pop】不能网页登入 看清楚！！,邮箱_其他邮箱
3GM9S065:4m6u1f,【美区长效】outlook.com(老号）,邮箱_outlook
3GM9S065:4abgrw,0刀虚拟卡【485954;不包任何业务，请测试后批量购买，无质保无售后】,虚拟卡_其他虚拟卡
plus123:8nrfj9,apple/icloud  接码  美区 【单次接码】,sms_接码
3GM9S065:seekoh,【需要自己接码】plusl  带at，部分反代直接可用，网页端正常！！,gpt_plus_未接码
plus123:3jt6gz,免接码 GPT Free -Json 批发 【反代专用】,gpt_plus_未接码
3GM9S065:m3j3rw,日本长效 CDK可用  outlook.jp 全新注册  业务自测   不售后 看清楚 在下单,邮箱_outlook
plus123:9rkp14,kropro+2k积分已开启超额（ison文 件：质保首登）,ai_platform_kiro
3GM9S065:5cxquv,Google/Gmail/YouTube 接码 哥伦比亚【单次接码】 业务自测  ！！！,sms_接码
plus123:8ofwou,Instagram/Threads 接码 美区【单次接码】 业务自测  ！！！,sms_接码
3GM9S065:1981sv,长效微软邮箱 /已解锁 /outlook /支持pop3/imap/graph 取件 /可绑自己辅助邮箱,邮箱_outlook
plus123:wbs3yq,【KIRO】 KIRO 普号 -固定50额度 -kirors导入格式,ai_platform_kiro
plus123:pst8wn,高质量gmail邮箱 随机地区 2011--2019年gmail邮箱带2fa（带2个月接码链接）,邮箱_gmail
3GM9S065:bf6k35,Google 谷歌邮箱【高质量 】美区 2020--2024年 老邮箱,邮箱_gmail
plus123:qltlt3,[反重力]混区 Antigravity 成品号（已过验证，可直接登录使用）,其他_其他
plus123:o51ffu,【已接码】CHATGPT FREE号  反代专用 发货 json 不会用 不要下 没有账号密码 codex 需要插件可用,gpt_plus_已接码
plus123:a88wia,长效注册邮箱注册万物 微软邮箱hotmail.com邮箱 带密码 直接网页登录,邮箱_hotmail
plus123:av9hui,长效注册邮箱注册万物 微软邮箱，这个是协议取件的@outlook.com,邮箱_outlook
plus123:gpaxv9,[普号] ChatGPT——长效微软邮箱,邮箱_outlook
plus123:165puy,【质保30天】GPT pro5x 订阅 官方充值 免排队 秒充(5-10分钟到账),gpt_pro
youzhi:o6lcu6,codex-接码-全球,sms_接码
plus123:j4xcy9,奎桑提的神秘商店【中转老板专用｜详情咨询】,其他_其他
plus123:or8ixz,【美国+1】2~3年 精养老号 | 顶级权重 | 无视常规风控,号码_美国
plus123:ze5bog,【随机国家】【双向撸毛号】,号码_随机国家
plus123:dc8mu5,【印度+91】【双向撸毛号】,号码_印度
plus123:jnpam5,【美国+1】6-12个月⭐推荐,号码_美国
plus123:xtwbgp,【美国+1】 1年 ⭐特价推荐,号码_美国
3GM9S065:nl53px,hotmail-令牌长效-已绑辅邮-卡密带辅邮账密-(已授权oauth2，IMAP GRAPH),邮箱_hotmail
3GM9S065:21dali,outlook-令牌长效-邮件获取:imap;pop3;graph(双令牌通用),邮箱_outlook
plus123:9p58fe,精品各国定制原生独享静态 IP,IP代理_其他网络
plus123:z1lkdy,精品日本原生独享静态 IP,IP代理_其他网络
plus123:jh5wrb,精品美国原生独享静态 IP,IP代理_其他网络
plus123:g38dm7,2022-2024【高权重】美区gmail老邮箱,邮箱_gmail
plus123:yq66ee,GPT Pro5x 正规卡充【带账单】,gpt_pro
plus123:9htt0u,coedx 接码 （一次码） 已上新来码率99%,sms_接码
plus123:wqeikx,iCloud邮箱,邮箱_icloud
plus123:8b8cvt,美国ip,IP代理_其他网络
plus123:dwdnfd,瑞幸咖啡 瑞幸咖啡50选一全国门店通用到店自提,生活券_瑞幸
3GM9S065:lnhlf1,微软长效-Hotmail-API取件-Graph令牌号和OAuth2,邮箱_hotmail
plus123:m8ix2l,号码租用平台5美金CDK,卡密兑换_充值码
plus123:az0ut7,号码租用平台1美金CDK,卡密兑换_充值码
3GM9S065:f2egl2,Cursor 美国接码 - 最多可绑3个账号,sms_接码
3GM9S065:ypjec1,Cursor 免费号(微软邮箱可改密)-可用Auto,邮箱_outlook
3GM9S065:ktk492,Cursor 免费号-可用Auto（带账密）,邮箱_outlook
plus123:6anr8g,codex-接码-美区高质量,sms_接码
plus123:1wyk37,美区实卡号码   成         功 率99 大概3-5天卡,号码_美国
plus123:zu9ztt,Pixel自助开通卡密全流程包绑卡,卡密兑换_兑换码
plus123:k1z1jq,CDK 专用【子邮箱】iCloud 隐私邮箱 （开plus 绑定专用） 不会用不要下,邮箱_icloud
plus123:agco13,【普号】Codex手机已验证✅ Codex专用RT Codex/Sub2api/CPA 适配 长效微软邮箱(不包二验),邮箱_outlook
3GM9S065:w8mkuw,自选地区 TG【2-4个月静养】,社交账号_telegram
3GM9S065:ui2e9h,全地区TikTok满年账号（满年白号）,社交账号_tiktok
3GM9S065:7xhwe3,Codex🇺🇸手机接码验证（秒接 接不到退款 五天可接三次）,sms_接码
plus123:69bv77,chatgpt 普通账号｜GPT账号（白号）免费账号｜长效微软邮箱交付｜账号密码直登｜gpt专用｜高权重家宽｜独享号｜,gpt_plus_未接码
plus123:ktnuaa,Gmail 谷歌邮箱 质保首登 带2fa 号内送gemini 18个月会员,邮箱_gmail
plus123:rv7yc2,精品稳定老号谷歌邮箱 gmail号  随机地区 21-22年居多,邮箱_gmail
PAXOVOVJ:wunlhj,全新微软邮箱Outlook网页号 未触发7天,邮箱_outlook
plus123:7bewx4,全新微软空邮箱，用于换绑GPT账号（转移GPT账号用）,邮箱_outlook
3GM9S065:nqiywj,英国原装 GG 电子卡 (eSIM)（高净值账号专用 / 零月租）,号码_英国
plus123:o3sqxp,💎 英国 Giffgaff 官方话费充值 （10英镑面额 / 免上号）,号码_英国
3GM9S065:852siu,Google/Gmail/YouTube 接码 巴西【单次接码】 业务自测  ！！！,sms_接码
3GM9S065:6fz8s1,Google/Gmail/YouTube 接码 智利【单次接码】 业务自测  ！！！,sms_接码
youzhi:bvko2s,【Adobe】 Firefly 普号   固定10积分,其他_其他
plus123:ut0iqc,【随机国家】Gmail 高质量 22-24年老号，带2fa，可以长期使用,邮箱_gmail
plus123:h6lvq3,gpt美卡接码（有效期25-30天）,sms_接码
plus123:92gejr,codex短效接码 高来码率！！！！！接码国家随时更新 不用担心都是一个国家的码,sms_接码
plus123:b6fekc,OpenAI Codex 手机接码（质保1次成功接码）,sms_接码
plus123:n8yg42,【美区长效】Codex接码实体卡 25天有效期,sms_接码
plus123:u7gxin,精品稳定个人谷歌Gmail邮箱老号  至少两年以上，2FA 随机地区美区居多,邮箱_gmail
plus123:te9anx,高品质 带接码链 不怕封 包GCP 稳定Google老号 Gmail邮箱（一年以上/2FA/VT支持/GCP支持）,邮箱_gmail
3GM9S065:jp5fwu,Codex|ChatGPT|US实体卡接码 活5天,sms_接码
3GM9S065:2pskkx,【Free号】 GPT/Codex  高质量|已绑手机|RT|微软邮箱|动态家宽注册|可邮箱接码,gpt_plus_未接码
2VWX76A4:2abn35,GPT Free-账密 RT-长效outlook-适合各类业务(可网页反代，除Codex),gpt_plus_未接码
plus123:2qtk9b,随机地区 Gmail 20-25年注册（适用于pixel）包首登,邮箱_gmail
plus123:s1c5an,【质保6小时】Gmail邮箱  美区谷歌邮箱,邮箱_gmail
youzhi:qtjlc8,GPT PLUS 镜像站(天卡),gpt_plus_未接码
plus123:kd2bum,【美国+1】6~8年 骨灰级老号 | 顶级权重 | 无视常规风控 | 全球少量库存售完绝版,号码_美国
plus123:totbg6,【美国+1】4~6年 骨灰级老号 | 顶级权重 | 无视常规风控 | 全球少量库存售完绝版,号码_美国
plus123:or8ixz,【美国+1】2~3年 精养老号 | 顶级权重 | 无视常规风控,号码_美国
plus123:xtbfx6,【印度+91】1~3年 精养老号 | 高权重 | 抗风控强,号码_印度
plus123:a4kljk,【美国+1】1~2年 精养老号 | 高权重 | 抗风控强,号码_美国
plus123:1xfvdf,【加拿大+1】9~12个月 精品稳定号 | 中等权重 | 进阶安全使用期,号码_其他号码
plus123:7pdlr0,【美国+1】6~12个月 精品稳定号 | 中等权重 | 进阶安全使用期,号码_美国
3GM9S065:xxorwp,【美国+1 】高性价比新号 | 基础权重 | 必备小号备用号,号码_美国
3GM9S065:41te5v,VISA 0 刀虚拟卡 485954(gpt 需要手法)无3ds介意别拍小时kiro别拍拍错不退什么都过不去,虚拟卡_visa虚拟卡
plus123:bz4caa,享美国精品IP,IP代理_其他网络
plus123:ejec7f,Image2.0生图(100张)【网页版2天质保】,gpt_image2
plus123:nshn8u,Image2.0生图(1000张)【网页版2天质保】,gpt_image2
3GM9S065:kg4xsa,[自营]GPT IMAGE2生图500积分套餐,gpt_image2
ming:4qf6v8,[自营]GPT IMAGE2生图5500积分套餐,gpt_image2
3GM9S065:vf8z67,Cursor Free Auto 白号,ai_platform_cursor
ming:qohbr4,cursor日卡-不换号-插件,ai_platform_cursor
ming:ehco18,生图专用（image2，gemini模型）,gpt_image2
plus123:ylfl5o,🇺🇸 美国私人住宅IP ｜ 独享原生 ｜ 年付套餐,IP代理_住宅IP
plus123:if1cha,🚀防封必看！ChatGPT Plus土区稳定订阅保姆级教程，同步更新,其他_其他
plus123:u59arc,🚀 Codex 反代与 Cockpit 全新软件使用教程,开发工具_codex
plus123:e3ep4h,cursor周卡-不换号-插件,ai_platform_cursor
3GM9S065:z6syr3,微软长效-Outlook,邮箱_outlook
plus123:3wfff8,codex接🐎 美区成功率99.99,开发工具_codex
plus123:hkz3ui,【美区】谷歌账户 20-24年,邮箱_gmail
3GM9S065:2guf8k,推特邮箱新号-满月(2fa),社交账号_twitter
plus123:uco2fw,推特-2010-2023年[账密直登],社交账号_twitter
plus123:fcha0d,推特老号-2012-2024年-绑定手机(带2fa),社交账号_twitter
3GM9S065:6tzzzp,instagram 新号-邮箱注册-已开通2FA[推荐],社交账号_instagram
plus123:9mfas7,instagram新号-5贴10粉-已开通2FA,社交账号_instagram
3GM9S065:68fdft,instagram-满月-已开通2FA,社交账号_instagram
plus123:j7dpli,instagram-满5个月-已开通2FA[Cookies],社交账号_instagram
3GM9S065:x8z14r,Instagram 2025年3月老号-邮箱绑定支持Cookie登录-已开启2FA,社交账号_instagram
3GM9S065:k58dyn,gmail账号-三个月以上-有youtube油管,邮箱_gmail
3GM9S065:uqehzs,gmail账号-2022-有youtube油管,邮箱_gmail
3GM9S065:i44ywf,youtube老油管频道-已开通高级功能,社交账号_其他社交
3GM9S065:owecco,脸书邮箱新号-2FA[手工注册],社交账号_facebook
3GM9S065:6nlulx,脸书双绑-满月-手机和邮箱双验证,社交账号_facebook
3GM9S065:iftxft,脸书双绑-满六个月-手机和邮箱双验证,社交账号_facebook
plus123:qrn0nb,脸书-2023年-手机注册-2FA[可选国家],社交账号_facebook
plus123:l56cc8,tiktok-美国IP注册[自建邮箱],社交账号_tiktok
3GM9S065:d3ivc9,tiktok海外版抖音-白号-随机IP,社交账号_tiktok
3GM9S065:5somfq,推特-解敏邮箱新号-2fa(推荐),社交账号_twitter
3GM9S065:ecs0f8,推特新号-带2fa-outlook注册(推荐),社交账号_twitter
3GM9S065:xxorwp,【美国+1 】高性价比新号 | 基础权重 | 必备小号备用号,号码_美国
3GM9S065:w9sv5a,【双接码微软】free（90％可开plus）,gpt_plus_未接码
plus123:1goa57,【月卡】自用订阅链接30天60G,IP代理_vpn
ming:vifitf,cursor月卡-插件计费 一天200额度,ai_platform_cursor
3GM9S065:52h2bl,微软长效-outlook-API取件-Graph令牌号和OAuth2,邮箱_outlook
plus123:8iro0z,全新微软邮箱，已注册好ChatGPT（不含plus）,邮箱_outlook
3GM9S065:qn118p,谷歌一年以上 2FA 谷歌账号Gmail邮箱购买 (部分有使用痕迹 谷歌云Gmail正常 )-缺货找客服补货！,邮箱_gmail
3GM9S065:rawm5n,谷歌企业邮箱 混合域名 gmail （注册7天）业务自测 不售后,邮箱_gmail
3GM9S065:a50rsa,微软邮箱长效-outlook  oauth2令牌 refresh_token号  imap pop3,邮箱_outlook
plus123:pe5ecq,巴西 outlook 邮箱 CDK专用,邮箱_outlook
3GM9S065:d002rm,微软长效-outlook-【双令牌号】-【英文随机+数字】Graph令牌号和OAuth2-IMAP-POP3,邮箱_outlook
ming:30znq2,[全新] 超长效微软邮箱,邮箱_outlook
3GM9S065:737urg,全新微软 Outlook 邮箱 - 无售后,邮箱_outlook
3GM9S065:hnexs5,全新微软 Hotmail 邮箱（可注册 GPT） - 无售后,邮箱_hotmail
3GM9S065:657s6q,[普号]微软邮箱,邮箱_outlook
plus123:9d2dxt,出海网络配置,IP代理_其他网络
plus123:pxmzlu,谷歌邮箱注册教程（含outlook及Proton）,其他_其他
plus123:atlpx1,闲鱼助手自动采集上品下品降价   测试卡,电商工具_闲鱼助手
plus123:pbu6g9,闲鱼助手自动采集上品下品降价   天卡,电商工具_闲鱼助手
plus123:q101k8,闲鱼助手自动采集上品下品降价   月卡,电商工具_闲鱼助手
youzhi:mejn5v,腾讯视频   超级影视 年卡,视频会员_腾讯视频
youzhi:9vbskv,腾讯视频   超级影视 季卡,视频会员_腾讯视频
youzhi:1w6vvh,腾讯视频   超级影视 月卡,视频会员_腾讯视频
youzhi:f1xx5s,腾讯视频   超级影视 周卡,视频会员_腾讯视频
youzhi:e9j8ba,腾讯视频   VIP 年卡,视频会员_腾讯视频
youzhi:5g8c5m,腾讯视频   VIP 季卡,视频会员_腾讯视频
youzhi:mp3v33,腾讯视频   VIP 月卡,视频会员_腾讯视频
youzhi:d0lc0f,腾讯视频   VIP 周卡,视频会员_腾讯视频
youzhi:j93o29,哔哩哔哩 电视大会员 年卡,视频会员_bilibili
youzhi:1goe8s,哔哩哔哩 电视大会员 月卡,视频会员_bilibili
youzhi:mdy6fp,哔哩哔哩 大会员 年卡,视频会员_bilibili
youzhi:c0k1d3,哔哩哔哩 大会员 季卡,视频会员_bilibili
youzhi:hz9mst,哔哩哔哩 大会员 月卡,视频会员_bilibili
youzhi:ibieuu,芒果TV 全屏会员 年卡,视频会员_芒果TV
youzhi:tq7wyv,芒果TV 全屏会员 季卡,视频会员_芒果TV
youzhi:udhnmu,芒果TV 全屏会员 月卡,视频会员_芒果TV
youzhi:a4btnt,芒果TV 全屏会员 周卡,视频会员_芒果TV
youzhi:mm02p4,芒果TV 视频VIP 年卡,视频会员_芒果TV
youzhi:8x32ox,芒果TV 视频VIP 季卡,视频会员_芒果TV
youzhi:i7eyn2,美团外卖通用红包30元,生活券_美团
youzhi:ejt4of,美团外卖通用红包20元,生活券_美团
youzhi:i94ylj,美团外卖通用红包10元,生活券_美团
youzhi:t5xy95,美团外卖通用红包5元,生活券_美团
youzhi:21hdnl,网易云音乐 黑胶VIP 年卡,音乐会员_网易云
youzhi:lqlfah,网易云音乐 黑胶VIP 季卡,音乐会员_网易云
youzhi:audlir,网易云音乐 黑胶VIP 月卡,音乐会员_网易云
youzhi:jye4y5,网易云音乐 黑胶VIP 周卡,音乐会员_网易云
youzhi:dnfk7k,剪映   SVIP会员 年卡,其他_其他
youzhi:3az6fl,剪映   SVIP会员 月卡,其他_其他
youzhi:rxqlof,剪映   SVIP会员 周卡,其他_其他
youzhi:aaowyp,剪映   VIP会员 年卡,其他_其他
youzhi:sqsrcb,剪映   VIP会员 月卡,其他_其他
youzhi:xsayud,剪映   VIP会员 周卡,其他_其他
youzhi:363br1,醒图VIP 年卡,其他_其他
youzhi:3x5fuj,醒图VIP 月卡,其他_其他
youzhi:ploz2h,醒图VIP 周卡,其他_其他
youzhi:9jh915,咪咕视频 足球通会员 月卡,视频会员_咪咕视频
youzhi:fdobhs,咪咕视频 钻石会员 年卡,视频会员_咪咕视频
youzhi:lfa7pd,咪咕视频 钻石会员 季卡,视频会员_咪咕视频
youzhi:oufu07,咪咕视频 钻石会员 月卡,视频会员_咪咕视频
youzhi:avkq23,搜狐视频 SVIP会员 年卡,视频会员_其他视频
youzhi:zkbimx,搜狐视频 SVIP会员 季卡,视频会员_其他视频
youzhi:ln71mt,搜狐视频 SVIP会员 月卡,视频会员_其他视频
youzhi:y5afnr,搜狐视频 VIP会员 年卡,视频会员_其他视频
youzhi:zr4f8u,搜狐视频 VIP会员 季卡,视频会员_其他视频
youzhi:8uewkf,搜狐视频 VIP会员 月卡,视频会员_其他视频
youzhi:7u9hl6,华为视频 全屏少儿会员 年卡,视频会员_华为视频
youzhi:nh4hih,华为视频 全屏少儿会员 季卡,视频会员_华为视频
youzhi:nkrzwg,华为视频 全屏少儿会员 月卡,视频会员_华为视频
youzhi:z8rutf,华为视频 全屏少儿会员 周卡,视频会员_华为视频
youzhi:1yflpr,华为视频 全屏少儿会员 3天,视频会员_华为视频
youzhi:webjqc,华为视频 全屏少儿会员 1天,视频会员_华为视频
youzhi:jqv7ah,华为视频 少儿会员 年卡,视频会员_华为视频
youzhi:ne4tjs,华为视频 少儿会员 季卡,视频会员_华为视频
youzhi:v305jd,华为视频 少儿会员 月卡,视频会员_华为视频
youzhi:yug140,华为视频 少儿会员 周卡,视频会员_华为视频
youzhi:22sff4,华为视频 少儿会员 3天,视频会员_华为视频
youzhi:22pu86,华为视频 少儿会员 1天,视频会员_华为视频
youzhi:wa8z3v,华为视频 影视会员 年卡,视频会员_华为视频
youzhi:aiby6d,华为视频 影视会员 季卡,视频会员_华为视频
youzhi:hm5px6,华为视频 影视会员 月卡,视频会员_华为视频
youzhi:ydazjy,华为视频 影视会员 周卡,视频会员_华为视频
youzhi:h8xvqn,华为视频 影视会员 3天,视频会员_华为视频
youzhi:y999p7,华为视频 影视会员 1天,视频会员_华为视频
youzhi:m63xfb,埋堆堆视频会员 年卡,视频会员_埋堆堆
youzhi:60mvme,埋堆堆视频会员 季卡,视频会员_埋堆堆
youzhi:7t6raw,埋堆堆视频会员 月卡,视频会员_埋堆堆
youzhi:xfex27,埋堆堆视频会员 周卡,视频会员_埋堆堆
youzhi:af6t3l,酷狗音乐 超级会员 年卡,音乐会员_酷狗音乐
youzhi:isjele,酷狗音乐 超级会员 季卡,音乐会员_酷狗音乐
youzhi:okcvqj,酷狗音乐 超级会员 月卡,音乐会员_酷狗音乐
youzhi:rdpbz8,酷狗音乐 豪华VIP 年卡,音乐会员_酷狗音乐
youzhi:gs97dy,酷狗音乐 豪华VIP 季卡,音乐会员_酷狗音乐
youzhi:e0f4ut,酷狗音乐 豪华VIP 月卡,音乐会员_酷狗音乐
youzhi:tnqeyh,酷狗音乐 豪华VIP 周卡,音乐会员_酷狗音乐
youzhi:ab7bw1,喜马拉雅 VIP会员 年卡,其他_其他
youzhi:8tvdjz,喜马拉雅 VIP会员 季卡,其他_其他
youzhi:v3lnvw,喜马拉雅 VIP会员 月卡,其他_其他
youzhi:u78wmf,喜马拉雅 VIP会员 周卡,其他_其他
youzhi:2kic5x,古茗单品券 古茗杨枝甘露轻盈版(大),生活券_古茗
youzhi:8uvnog,古茗单品券 古茗布蕾脆脆奶芙(中),生活券_古茗
youzhi:c39jbr,古茗单品券 黑糖珍珠牛乳（中）,生活券_古茗
youzhi:as7t1f,古茗单品券 云岭茉莉白（中）,生活券_古茗
youzhi:4kae10,茶百道代金券30元,生活券_其他券
youzhi:ddvt0b,茶百道代金券10元,生活券_其他券
youzhi:t9dwri,霸王茶姬代金券100元,生活券_其他券
youzhi:wls2qv,霸王茶姬代金券60元,生活券_其他券
youzhi:rmuvk2,霸王茶姬代金券30元,生活券_其他券
youzhi:qomvx3,霸王茶姬代金券20元,生活券_其他券
youzhi:z8ytiu,霸王茶姬代金券18元,生活券_其他券
youzhi:ogai9o,霸王茶姬代金券16元,生活券_其他券
youzhi:h1un62,霸王茶姬代金券10元,生活券_其他券
youzhi:5aegyk,QQ黄钻年卡,其他_其他
youzhi:opweeq,QQ黄钻季卡,其他_其他
youzhi:tfabgj,QQ黄钻月卡,其他_其他
youzhi:ha49oo,百度文库会员 年卡,其他_其他
youzhi:brcjgz,百度文库会员 季卡,其他_其他
youzhi:btj9zp,百度文库会员 月卡,其他_其他
youzhi:hzfmgh,咪咕阅读畅享会员 年卡,其他_其他
youzhi:c2nfwr,咪咕阅读畅享会员 季卡,其他_其他
youzhi:c0iany,咪咕阅读畅享会员 月卡,其他_其他
youzhi:ku4btc,夸克网盘 超级会员 年卡,其他_其他
youzhi:gqnnae,夸克网盘 超级会员 季卡,其他_其他
youzhi:nmlllm,夸克网盘 超级会员 月卡,其他_其他
youzhi:odlw5l,夸克网盘 超级会员 周卡,其他_其他
youzhi:jyemjv,美团团购代金券100元,生活券_美团
youzhi:rjif63,美团团购代金券50元,生活券_美团
youzhi:sx46cl,美团团购代金券20元,生活券_美团
youzhi:qa65qb,美团团购代金券10元,生活券_美团
youzhi:j2ses2,美团团购代金券5元,生活券_美团
youzhi:b5ke5u,美团外卖神券包100元【5元*20张*单月】,生活券_美团
youzhi:42ku0x,美团外卖神券包60元【5元*12张*单月】,生活券_美团
youzhi:usaq2z,美团外卖神券包30元【5元*6张*单月】,生活券_美团
youzhi:3yui84,美团单车 季卡【单次骑行前1小时免费】,生活券_美团
youzhi:ulg1jz,美团单车 月卡【日限两次】,生活券_美团
youzhi:k4c763,美团单车 周卡【单次骑行前1小时免费】,生活券_美团
youzhi:z2lyvm,青桔单车 季卡【不限次数】,其他_其他
youzhi:xsb1rc,青桔单车 月卡【不限次数】,其他_其他
youzhi:krv5jp,青桔单车 30天30次卡,其他_其他
youzhi:cgwo7u,青桔电单车 90天季卡（限4次/天）,其他_其他
youzhi:lwuq7y,青桔电单车 60天卡（限4次/天）,其他_其他
youzhi:7ei1az,青桔电单车 30天月卡（限4次/天）,其他_其他
youzhi:j98pyb,青桔电单车 15天15次卡,其他_其他
youzhi:5khhgt,青桔电单车 7天6次卡,生活券_其他券
youzhi:8dtnb7,高德出行打车券20元,生活券_其他券
youzhi:r7e9mk,滴滴出行快车券20元,生活券_其他券
youzhi:vi4imk,滴滴出行快车券10元,生活券_其他券
youzhi:12tamk,QQ音乐   豪华绿钻 年卡,音乐会员_QQ音乐
youzhi:6old3k,QQ音乐   豪华绿钻 半年卡,音乐会员_QQ音乐
youzhi:mqvf9i,腾讯视频 超级影视 年卡（QQ号充值）,视频会员_腾讯视频
youzhi:g64spm,腾讯视频 超级影视 季卡（QQ号充值）,视频会员_腾讯视频
youzhi:ivj5oe,腾讯视频 超级影视 月卡（QQ号充值）,视频会员_腾讯视频
youzhi:1bg819,腾讯视频 超级影视 周卡（QQ号充值）,视频会员_腾讯视频
youzhi:agqs9g,腾讯视频 VIP 年卡（QQ号充值）,视频会员_腾讯视频
youzhi:r3eb0g,腾讯视频 VIP 季卡（QQ号充值）,视频会员_腾讯视频
youzhi:tbb5z6,百度网盘 超级会员 年卡,其他_其他
youzhi:yzidam,百度网盘 超级会员 季卡,其他_其他
youzhi:atqkvu,百度网盘 超级会员 月卡,其他_其他
youzhi:278tvb,百度网盘 超级会员 周卡,其他_其他
3GM9S065:2pskkx,【Free号】 GPT/Codex  高质量|已绑手机|RT|微软邮箱|动态家宽注册|可邮箱接码,gpt_plus_未接码
PAXOVOVJ:8rrgk4,【质保3天】iCloud邮箱gptplus会员月卡质保3天纯手搓,gpt_plus_质保
PAXOVOVJ:ccfrga,gpt成品号,gpt_plus_未接码
PAXOVOVJ:sc5mc8,chatgpt成品号-高权重谷歌邮箱开通-未接码-印度UPI【新产】,gpt_plus_未接码
3GM9S065:2pskkx,【Free号】 GPT/Codex  高质量|已绑手机|RT|微软邮箱|动态家宽注册|可邮箱接码,gpt_plus_未接码
2VWX76A4:9rb0ve,gmail 邮箱 Free 已开通2fa; 百分百0元优惠，开plus专用,邮箱_gmail
PAXOVOVJ:sax2bc,hotmail邮箱,邮箱_hotmail
PAXOVOVJ:1cc1qs,【7月21 -9点新货】7D team，80-120刀额度，速刷号无任何质保,gpt_team
PAXOVOVJ:7tnncs,Codex 60天-120天无限接码（质保最少绑定一个账号),开发工具_codex
PAXOVOVJ:aomz5r,5个邮箱GPT注册专用谷歌Gmai邮箱母号api可裂变!,邮箱_gmail
PAXOVOVJ:w6lhee,GPT注册专用谷歌Gmai邮箱母号api可裂变!,邮箱_gmail
2VWX76A4:2abn35,GPT Free-账密 RT-长效outlook-适合各类业务(可网页反代，除Codex),gpt_plus_未接码
3GM9S065:ftbz9j,纯手搓Kiro Pro 1000额度，客户反馈质量稳定、可靠，服务到位～～～,ai_platform_kiro
2VWX76A4:s0lh2m,GPT Free-账密 AT-长效outlook-适合各类业务,gpt_plus_未接码
3GM9S065:t1zysx,提取12个月优惠链接 一次 gemin pro（不会用别买不退不换，小白别买）,gemini_优惠链接
youzhi:m5elsb,VISA 0刀虚拟卡 485954(KIRO GPT PAYPAL用不了拍错不退） 有效期两小时,虚拟卡_visa虚拟卡
3GM9S065:qltcos,free成品号，已接码，带rt,gpt_plus_已接码
PAXOVOVJ:yq2hqp,网页版质保一个月,gpt_plus_质保
PAXOVOVJ:p6pvd8,iCloud邮箱子号（非分裂邮箱）,邮箱_icloud
PAXOVOVJ:wunlhj,全新微软邮箱Outlook网页号 未触发7天,邮箱_outlook
PAXOVOVJ:5ozbbc,outlook邮箱,邮箱_outlook
PAXOVOVJ:dz5e6p,bug的team，一个250刀。尽量用cpa跑，sub2调度有问题，下订单前看清楚,gpt_team
PAXOVOVJ:dc9ekv,GTP GO三个月成品号，全网最稳的号源，质保14天,gpt_go
PAXOVOVJ:j45v6h,#完美 周限free(注意是7天刷新一次额度的)1个 已接码，家宽注册，有RT，发json,gpt_plus_已接码
3GM9S065:w9sv5a,【双接码微软】free（90％可开plus）,gpt_plus_已接码
PAXOVOVJ:pt6s8z,Outlook.jp-长效-OA2令牌【日本-已开通pop/imap】,邮箱_outlook
2VWX76A4:wdfcqo,长效outlook邮箱 OAuth2令牌号【未触发7天】 支持imap pop,邮箱_outlook
cao:tb4sh1,OpenAI / ChatGPT 接码｜gpt美卡接码（有效期25-30天） 1211,sms_接码
cao:e9ls5t,ChatGPT 普号｜GPT Free-账密 AT-长效outlook-适合各类业务 1112,gpt_plus_未接码
youzhi:w78eth,ChatPLUS成品号-质保1天-未接码-谷歌邮箱,gpt_plus_未接码
youzhi:b9wb9m,ChatPLUS成品号-质保首登-未接码-iCloud/谷歌邮箱随机发-带2FA认证-非日抛-稳定性可靠,gpt_plus_未接码
3GM9S065:vf8z67,Cursor Free Auto 白号,ai_platform_cursor
youzhi:naebar,谷歌邮箱【注册gpt专用】,邮箱_gmail
youzhi:6id0m8,gmail 邮箱 Free 已开通2fa; 百分百0元优惠，gpt专用,邮箱_gmail
youzhi:eqavwi,微软子邮箱-outlook OAuth2令牌号【收件专用，买前请看商品介绍】,邮箱_outlook
youzhi:yycx30,Kiro Pro 1000积分账号（随机超额）,ai_platform_kiro
youzhi:qtjlc8,GPT PLUS 镜像站(天卡),gpt_plus_未接码
youzhi:g42mf4,【人工发货】TG Premium会员 3个月,社交账号_telegram
youzhi:ifgwgu,美国大学教育邮箱Edu Mail【质保7天】,邮箱_教育邮箱
youzhi:bvko2s,【Adobe】 Firefly 普号   固定10积分,其他_其他
youzhi:m5elsb,VISA 0刀虚拟卡 485954(KIRO GPT PAYPAL用不了拍错不退） 有效期两小时,虚拟卡_visa虚拟卡
youzhi:do5alv,谷歌gmail邮箱   随机  2-4年邮箱  包gcp,邮箱_gmail
youzhi:ptzp8t,gpt free 手机已接码，cpa格式发货，可反代codex,gpt_plus_已接码
youzhi:nl3p0q,印度UPI / 巴西 PIX 提链专用卡密 · 共 10 次,卡密兑换_充值码
youzhi:qqxec6,【长期稳定】iCloud 高质量邮箱｜可回信可收信｜ (质保15天) [可注册GPT] 支持 API/网站,邮箱_icloud
youzhi:iir821,【长期稳定】 iCloud 邮箱子号｜可回信可收信｜ (质保15天) 非分裂邮箱,邮箱_icloud
youzhi:o6lcu6,codex-接码-全球,sms_接码
3GM9S065:t1zysx,提取12个月优惠链接 一次 gemin pro（不会用别买不退不换，小白别买）,gemini_优惠链接
youzhi:ny70p4,windsurf/Devin 70 刀,ai_platform_其他AI平台
youzhi:d007mo,Google AI Ultra 20x【质保订阅】支持Antigravity反重力｜家庭组邀请版,gemini_成品号
youzhi:4l30uf,Google AI Ultra 5x【质保订阅】支持Antigravity反重力｜【家庭组车位】月权益,gemini_成品号
youzhi:278tvb,百度网盘 超级会员 周卡,其他_其他
youzhi:atqkvu,百度网盘 超级会员 月卡,其他_其他
youzhi:yzidam,百度网盘 超级会员 季卡,其他_其他
youzhi:tbb5z6,百度网盘 超级会员 年卡,其他_其他
youzhi:r3eb0g,腾讯视频 VIP 季卡（QQ号充值）,视频会员_腾讯视频
youzhi:agqs9g,腾讯视频 VIP 年卡（QQ号充值）,视频会员_腾讯视频
youzhi:1bg819,腾讯视频 超级影视 周卡（QQ号充值）,视频会员_腾讯视频
youzhi:ivj5oe,腾讯视频 超级影视 月卡（QQ号充值）,视频会员_腾讯视频
youzhi:g64spm,腾讯视频 超级影视 季卡（QQ号充值）,视频会员_腾讯视频
youzhi:mqvf9i,腾讯视频 超级影视 年卡（QQ号充值）,视频会员_腾讯视频
youzhi:6old3k,QQ音乐   豪华绿钻 半年卡,音乐会员_QQ音乐
youzhi:12tamk,QQ音乐   豪华绿钻 年卡,音乐会员_QQ音乐
youzhi:vi4imk,滴滴出行快车券10元,生活券_其他券
youzhi:r7e9mk,滴滴出行快车券20元,生活券_其他券
youzhi:8dtnb7,高德出行打车券20元,生活券_其他券
youzhi:5khhgt,青桔电单车 7天6次卡,生活券_其他券
youzhi:j98pyb,青桔电单车 15天15次卡,生活券_其他券
youzhi:7ei1az,青桔电单车 30天月卡（限4次/天）,生活券_其他券
youzhi:lwuq7y,青桔电单车 60天卡（限4次/天）,生活券_其他券
youzhi:cgwo7u,青桔电单车 90天季卡（限4次/天）,生活券_其他券
youzhi:krv5jp,青桔单车 30天30次卡,生活券_其他券
youzhi:xsb1rc,青桔单车 月卡【不限次数】,生活券_其他券
youzhi:z2lyvm,青桔单车 季卡【不限次数】,生活券_其他券
youzhi:k4c763,美团单车 周卡【单次骑行前1小时免费】,生活券_美团
youzhi:ulg1jz,美团单车 月卡【日限两次】,生活券_美团
youzhi:3yui84,美团单车 季卡【单次骑行前1小时免费】,生活券_美团
youzhi:usaq2z,美团外卖神券包30元【5元*6张*单月】,生活券_美团
youzhi:42ku0x,美团外卖神券包60元【5元*12张*单月】,生活券_美团
youzhi:b5ke5u,美团外卖神券包100元【5元*20张*单月】,生活券_美团
youzhi:j2ses2,美团团购代金券5元,生活券_美团
youzhi:qa65qb,美团团购代金券10元,生活券_美团
youzhi:sx46cl,美团团购代金券20元,生活券_美团
youzhi:rjif63,美团团购代金券50元,生活券_美团
youzhi:jyemjv,美团团购代金券100元,生活券_美团
youzhi:odlw5l,夸克网盘 超级会员 周卡,其他_其他
youzhi:nmlllm,夸克网盘 超级会员 月卡,其他_其他
youzhi:gqnnae,夸克网盘 超级会员 季卡,其他_其他
youzhi:ku4btc,夸克网盘 超级会员 年卡,其他_其他
youzhi:c0iany,咪咕阅读畅享会员 月卡,其他_其他
youzhi:c2nfwr,咪咕阅读畅享会员 季卡,其他_其他
youzhi:hzfmgh,咪咕阅读畅享会员 年卡,其他_其他
youzhi:btj9zp,百度文库会员 月卡,其他_其他
youzhi:brcjgz,百度文库会员 季卡,其他_其他
youzhi:ha49oo,百度文库会员 年卡,其他_其他
youzhi:tfabgj,QQ黄钻月卡,其他_其他
youzhi:opweeq,QQ黄钻季卡,其他_其他
youzhi:5aegyk,QQ黄钻年卡,其他_其他
youzhi:h1un62,霸王茶姬代金券10元,生活券_其他券
youzhi:ogai9o,霸王茶姬代金券16元,生活券_其他券
youzhi:z8ytiu,霸王茶姬代金券18元,生活券_其他券
youzhi:qomvx3,霸王茶姬代金券20元,生活券_其他券
youzhi:rmuvk2,霸王茶姬代金券30元,生活券_其他券
youzhi:wls2qv,霸王茶姬代金券60元,生活券_其他券
youzhi:t9dwri,霸王茶姬代金券100元,生活券_其他券
youzhi:ddvt0b,茶百道代金券10元,生活券_其他券
youzhi:4kae10,茶百道代金券30元,生活券_其他券
youzhi:as7t1f,古茗单品券 云岭茉莉白（中）,生活券_古茗
youzhi:c39jbr,古茗单品券 黑糖珍珠牛乳（中）,生活券_古茗
youzhi:8uvnog,古茗单品券 古茗布蕾脆脆奶芙(中),生活券_古茗
youzhi:2kic5x,古茗单品券 古茗杨枝甘露轻盈版(大),生活券_古茗
youzhi:u78wmf,喜马拉雅 VIP会员 周卡,音乐会员_其他音乐
youzhi:v3lnvw,喜马拉雅 VIP会员 月卡,音乐会员_其他音乐
youzhi:8tvdjz,喜马拉雅 VIP会员 季卡,音乐会员_其他音乐
youzhi:ab7bw1,喜马拉雅 VIP会员 年卡,音乐会员_其他音乐
youzhi:tnqeyh,酷狗音乐 豪华VIP 周卡,音乐会员_酷狗音乐
youzhi:e0f4ut,酷狗音乐 豪华VIP 月卡,音乐会员_酷狗音乐
youzhi:gs97dy,酷狗音乐 豪华VIP 季卡,音乐会员_酷狗音乐
youzhi:rdpbz8,酷狗音乐 豪华VIP 年卡,音乐会员_酷狗音乐
youzhi:okcvqj,酷狗音乐 超级会员 月卡,音乐会员_酷狗音乐
youzhi:isjele,酷狗音乐 超级会员 季卡,音乐会员_酷狗音乐
youzhi:af6t3l,酷狗音乐 超级会员 年卡,音乐会员_酷狗音乐
youzhi:xfex27,埋堆堆视频会员 周卡,视频会员_埋堆堆
youzhi:7t6raw,埋堆堆视频会员 月卡,视频会员_埋堆堆
youzhi:60mvme,埋堆堆视频会员 季卡,视频会员_埋堆堆
youzhi:m63xfb,埋堆堆视频会员 年卡,视频会员_埋堆堆
youzhi:y999p7,华为视频 影视会员 1天,视频会员_华为视频
youzhi:h8xvqn,华为视频 影视会员 3天,视频会员_华为视频
youzhi:ydazjy,华为视频 影视会员 周卡,视频会员_华为视频
youzhi:hm5px6,华为视频 影视会员 月卡,视频会员_华为视频
youzhi:aiby6d,华为视频 影视会员 季卡,视频会员_华为视频
youzhi:wa8z3v,华为视频 影视会员 年卡,视频会员_华为视频
youzhi:22pu86,华为视频 少儿会员 1天,视频会员_华为视频
youzhi:22sff4,华为视频 少儿会员 3天,视频会员_华为视频
youzhi:yug140,华为视频 少儿会员 周卡,视频会员_华为视频
youzhi:v305jd,华为视频 少儿会员 月卡,视频会员_华为视频
youzhi:ne4tjs,华为视频 少儿会员 季卡,视频会员_华为视频
youzhi:jqv7ah,华为视频 少儿会员 年卡,视频会员_华为视频
youzhi:webjqc,华为视频 全屏少儿会员 1天,视频会员_华为视频
youzhi:1yflpr,华为视频 全屏少儿会员 3天,视频会员_华为视频
youzhi:z8rutf,华为视频 全屏少儿会员 周卡,视频会员_华为视频
youzhi:nkrzwg,华为视频 全屏少儿会员 月卡,视频会员_华为视频
youzhi:nh4hih,华为视频 全屏少儿会员 季卡,视频会员_华为视频
youzhi:7u9hl6,华为视频 全屏少儿会员 年卡,视频会员_华为视频
youzhi:8uewkf,搜狐视频 VIP会员 月卡,视频会员_其他视频
youzhi:zr4f8u,搜狐视频 VIP会员 季卡,视频会员_其他视频
youzhi:y5afnr,搜狐视频 VIP会员 年卡,视频会员_其他视频
youzhi:ln71mt,搜狐视频 SVIP会员 月卡,视频会员_其他视频
youzhi:zkbimx,搜狐视频 SVIP会员 季卡,视频会员_其他视频
youzhi:avkq23,搜狐视频 SVIP会员 年卡,视频会员_其他视频
youzhi:oufu07,咪咕视频 钻石会员 月卡,视频会员_咪咕视频
youzhi:lfa7pd,咪咕视频 钻石会员 季卡,视频会员_咪咕视频
youzhi:fdobhs,咪咕视频 钻石会员 年卡,视频会员_咪咕视频
youzhi:9jh915,咪咕视频 足球通会员 月卡,视频会员_咪咕视频
youzhi:ploz2h,醒图VIP 周卡,其他_其他
youzhi:3x5fuj,醒图VIP 月卡,其他_其他
youzhi:363br1,醒图VIP 年卡,其他_其他
youzhi:xsayud,剪映   VIP会员 周卡,其他_其他
youzhi:sqsrcb,剪映   VIP会员 月卡,其他_其他
youzhi:aaowyp,剪映   VIP会员 年卡,其他_其他
youzhi:rxqlof,剪映   SVIP会员 周卡,其他_其他
youzhi:3az6fl,剪映   SVIP会员 月卡,其他_其他
youzhi:dnfk7k,剪映   SVIP会员 年卡,其他_其他
youzhi:jye4y5,网易云音乐 黑胶VIP 周卡,音乐会员_网易云
youzhi:audlir,网易云音乐 黑胶VIP 月卡,音乐会员_网易云
youzhi:lqlfah,网易云音乐 黑胶VIP 季卡,音乐会员_网易云
youzhi:21hdnl,网易云音乐 黑胶VIP 年卡,音乐会员_网易云
youzhi:t5xy95,美团外卖通用红包5元,生活券_美团
youzhi:i94ylj,美团外卖通用红包10元,生活券_美团
youzhi:ejt4of,美团外卖通用红包20元,生活券_美团
youzhi:i7eyn2,美团外卖通用红包30元,生活券_美团
youzhi:8x32ox,芒果TV 视频VIP 季卡,视频会员_芒果TV
youzhi:mm02p4,芒果TV 视频VIP 年卡,视频会员_芒果TV
youzhi:a4btnt,芒果TV 全屏会员 周卡,视频会员_芒果TV
youzhi:udhnmu,芒果TV 全屏会员 月卡,视频会员_芒果TV
youzhi:tq7wyv,芒果TV 全屏会员 季卡,视频会员_芒果TV
youzhi:ibieuu,芒果TV 全屏会员 年卡,视频会员_芒果TV
youzhi:hz9mst,哔哩哔哩 大会员 月卡,视频会员_bilibili
youzhi:c0k1d3,哔哩哔哩 大会员 季卡,视频会员_bilibili
youzhi:mdy6fp,哔哩哔哩 大会员 年卡,视频会员_bilibili
youzhi:1goe8s,哔哩哔哩 电视大会员 月卡,视频会员_bilibili
youzhi:j93o29,哔哩哔哩 电视大会员 年卡,视频会员_bilibili
youzhi:d0lc0f,腾讯视频   VIP 周卡,视频会员_腾讯视频
youzhi:mp3v33,腾讯视频   VIP 月卡,视频会员_腾讯视频
youzhi:5g8c5m,腾讯视频   VIP 季卡,视频会员_腾讯视频
youzhi:e9j8ba,腾讯视频   VIP 年卡,视频会员_腾讯视频
youzhi:f1xx5s,腾讯视频   超级影视 周卡,视频会员_腾讯视频
youzhi:1w6vvh,腾讯视频   超级影视 月卡,视频会员_腾讯视频
youzhi:9vbskv,腾讯视频   超级影视 季卡,视频会员_腾讯视频
youzhi:mejn5v,腾讯视频   超级影视 年卡,视频会员_腾讯视频
3GM9S065:gsu9xp,Chatgpt普通账号,gpt_plus_未接码
3GM9S065:7xhwe3,Codex🇺🇸手机接码验证（秒接 接不到退款 五天可接三次）,开发工具_codex
3GM9S065:79phag,20-24GMAIL邮箱/2FA/随机地区(看教程还不会使用的别拍),邮箱_gmail
3GM9S065:lq4kuz,20-24GMAIL   US(看教程还不会使用的别拍),邮箱_gmail
3GM9S065:kzxme5,20-24GMAIL邮箱/2FA(特价号，无任何售后),邮箱_gmail
3GM9S065:vwchvt,ChatGPT 充值码，对应8美元一个月的Go订阅,gpt_go
3GM9S065:mht225,ChatGPT月卡成品号 - icloud全新技术 - 高稳定版本,gpt_plus_已接码
3GM9S065:40021p,💌AI入门💌FlowAPI 10 美金,ai_platform_其他AI平台
3GM9S065:lq0stf,【日本PP】邮箱Plus5.5账号可用质保首次登录,gpt_plus_质保
3GM9S065:seekoh,【需要自己接码】plusl  带at，部分反代直接可用，网页端正常！！,gpt_plus_未接码
3GM9S065:4vyqk4,💌试用款💌FlowAPI 2 美金(限兑换一张),ai_platform_其他AI平台
3GM9S065:gcuc71,【子邮箱】iCloud 隐私邮箱 （开plus 绑定专用） 不会用不要下,邮箱_icloud
3GM9S065:87eh4c,Free号 GPT/Codex 高质量 | 已绑手机 | 有RT | 微软邮箱 | 动态家宽注册 | 可邮箱接码,gpt_其他
3GM9S065:wq7mdc,💌【试用款】小蓝 API 15刀额度 日卡(每天限兑换一张),ai_platform_其他AI平台
3GM9S065:xjknc3,iCloud 邮箱｜稳定收发｜无售后,邮箱_icloud
3GM9S065:r7b4wv,GPT free   cpa 反代[已经验证手机号]hotmail邮箱,gpt_其他
3GM9S065:17jfmm,低倍满血中转站试用1刀额度卡密 PLUS号池低至0.13倍率 pro低至0.25倍率,卡密兑换_兑换码
3GM9S065:2pskkx,【Free号】 GPT/Codex  高质量|已绑手机|RT|微软邮箱|动态家宽注册|可邮箱接码,gpt_其他
3GM9S065:qltcos,free成品号，已接码，带rt,gpt_其他
3GM9S065:9c0wla,低倍满血中转站5刀卡密 PLUS号池低至0.13倍率 pro低至0.25倍率,卡密兑换_兑换码
3GM9S065:lrwocp,低倍满血中转站10刀卡密 PLUS号池低至0.13倍率 pro低至0.25倍率,卡密兑换_兑换码
3GM9S065:6ipoml,hotmail-令牌长效(已授权oauth2，IMAP GRAPH),邮箱_hotmail
3GM9S065:rmmxvl,hotmail 长效邮箱 通用号,邮箱_hotmail
3GM9S065:bf6k35,Google 谷歌邮箱【高质量 】美区 2020--2024年 老邮箱,邮箱_gmail
3GM9S065:kwavsb,Google 谷歌邮箱【老号】,邮箱_gmail
3GM9S065:c04vu5,精品稳定个人谷歌Gmail邮箱老号  至少两年以上，2FA/带手机链接 随机地区美区居多,邮箱_gmail
3GM9S065:whloz5,Mail 邮箱定制化 AI 邮箱,邮箱_其他邮箱
3GM9S065:hn9lng,100刀API额度(余额不过期),卡密兑换_兑换码
3GM9S065:mekcun,100刀额度,卡密兑换_兑换码
3GM9S065:sc6h23,90刀API额度(余额不过期),卡密兑换_兑换码
3GM9S065:ibzkpl,80刀API额度(余额不过期),卡密兑换_兑换码
3GM9S065:ad5wha,70刀API额度(余额不过期),卡密兑换_兑换码
3GM9S065:uafa6y,60刀API额度(余额不过期),卡密兑换_兑换码
3GM9S065:stf1at,50刀中转券，倍率低至 0.01,卡密兑换_兑换码
3GM9S065:umq5yp,50刀API额度(余额不过期),其他_其他
3GM9S065:j8sjn4,40刀API额度(余额不过期),其他_其他
3GM9S065:l7zcyn,30刀API额度(余额不过期),其他_其他
3GM9S065:gq68oo,20刀API额度(余额不过期),其他_其他
3GM9S065:zt03il,【香港ID】【无密保/API/可下APP】,其他_其他
3GM9S065:gh9yhu,10刀中转券，倍率低至 0.01,其他_其他
3GM9S065:u8qc6z,10刀API额度(余额不过期),其他_其他
3GM9S065:5w6dlk,【总共10刀】永久额度-可选号池-实惠稳定,其他_其他
2VWX76A4:9jpsl4,反重力antigravity  24小时自助代过 CDK激活（扫码接码激活代过）,其他_其他
3GM9S065:e0m27v,剪映(海外版)30-35天会员,视频会员_其他视频
3GM9S065:p1sqqv,【总共5刀】永久额度-可选号池-实惠稳定,其他_其他
3GM9S065:rhp5qh,🟨ChatGPT账号普号-GPT账号已绑微软邮箱——质保首登🟡自动发货,gpt_plus_未接码
3GM9S065:852siu,Google/Gmail/YouTube 接码 巴西【单次接码】 业务自测  ！！！,sms_接码
3GM9S065:5cxquv,Google/Gmail/YouTube 接码 哥伦比亚【单次接码】 业务自测  ！！！,sms_接码
3GM9S065:6fz8s1,Google/Gmail/YouTube 接码 智利【单次接码】 业务自测  ！！！,sms_接码
3GM9S065:iunuiy,1刀中转券，倍率低至 0.01,其他_其他
3GM9S065:zdm41y,Outlook 邮箱长效｜3个月令牌｜稳定收发｜不要改密码｜无售后,邮箱_outlook
3GM9S065:1981sv,长效微软邮箱 /已解锁 /outlook /支持pop3/imap/graph 取件 /可绑自己辅助邮箱,邮箱_outlook
yimengai:vs5nbg,GPT Free 成品号全格式｜已接码｜可刷新 RT｜支持 sub / cpa  / JSON,gpt_plus_已接码
3GM9S065:vf8z67,Cursor Free Auto 白号,ai_platform_cursor
3GM9S065:4k74c0,plus20刀不限时，看好说明再购买,gpt_plus_未接码
3GM9S065:swarlw,接中转号池制作业务【详情咨询】,其他_其他
3GM9S065:uygxkd,2000刀 0.03xplus源头中转,其他_其他
3GM9S065:c5jr3n,500刀 0.03xplus源头中转,其他_其他
3GM9S065:2r2tfg,一键开天门（永久5开）卡密【安卓苹果互通】,其他_其他
3GM9S065:xepg75,季会员（星辰之恋）,其他_其他
3GM9S065:nqiywj,英国原装 GG 电子卡 (eSIM)（高净值账号专用 / 零月租）,号码_英国
3GM9S065:jabexq,星星云手机 月卡,其他_其他
3GM9S065:rzsg2b,一键首富（永久卡5开）卡密【安卓苹果互通】,其他_其他
3GM9S065:wsp2q5,iOS MAX 永久5开,其他_其他
3GM9S065:uyhu6u,一键开天门【月卡10开】,其他_其他
3GM9S065:9xq5gr,一键开天门（30天10开）卡密【安卓苹果互通】,卡密兑换_兑换码
3GM9S065:hre8gr,正规渠道一个月支持个人账号,其他_其他
3GM9S065:8djvq4,100刀 0.03xplus源头中转,gpt_plus_未接码
3GM9S065:jlsiqk,月会员（星辰之恋）,其他_其他
3GM9S065:zltr9g,iOS MAX 永久单开,其他_其他
3GM9S065:pjmyhp,【不限时长余额】【50元】,其他_其他
3GM9S065:t5d0cf,服务项目10：美区谷歌老账号-下单后直接找客服拿货！缺货找客服补货！,邮箱_gmail
3GM9S065:y0ztk3,服务项目9：长期谷歌老账号-下单后直接找客服拿货！缺货找客服补货！,邮箱_gmail
3GM9S065:ulus6f,周会员（星辰之恋）,其他_其他
3GM9S065:cj56s6,iOS MAX 月卡,其他_其他
3GM9S065:2vfzc2,iOS MAX 周卡,其他_其他
3GM9S065:ozfhtf,iOS MAX 天卡,其他_其他
3GM9S065:ai4pkg,漫想+ 画布 100元兑换码,卡密兑换_兑换码
3GM9S065:kt8qwj,苹果礼品卡iTunes Gift Card-500里拉,卡密兑换_充值码
3GM9S065:f1buat,Ai大模型API对接充值兑换码-1000$,卡密兑换_兑换码
3GM9S065:8qi6mk,苹果月卡(5开),其他_其他
3GM9S065:tb4es9,一键开天门（永久卡）卡密【安卓苹果互通】,卡密兑换_兑换码
3GM9S065:k56ko2,一键首富（永久卡）卡密【安卓苹果互通】,卡密兑换_兑换码
3GM9S065:ia5r9q,一键首富（30天10开）卡密【安卓苹果互通】,卡密兑换_兑换码
3GM9S065:hy78av,【不限时长余额】【100元】,其他_其他
3GM9S065:v0004q,服务项目25:电脑端SVIP账号一年,其他_其他
3GM9S065:iftxft,脸书双绑-满六个月-手机和邮箱双验证,社交账号_facebook
3GM9S065:91iqdv,一键开天门【月卡5开】,其他_其他
3GM9S065:ajhdqt,一键开天门（30天5开）卡密【安卓苹果互通】,卡密兑换_兑换码
3GM9S065:bvafmy,星星云kvip月卡,其他_其他
3GM9S065:t3qba3,星星云激活码月卡,卡密兑换_兑换码
3GM9S065:w17v4f,TikTok苹果端使用不了解决方法,其他_其他
3GM9S065:wcn60l,TikTok安卓端使用不了解决方法,其他_其他
3GM9S065:wjt3oz,Ai大模型API对接充值兑换码-500$,卡密兑换_兑换码
3GM9S065:gojb4p,X（Twitter） Premium会员直充卡密,社交账号_twitter
3GM9S065:gojb4p,X（Twitter） Premium会员直充卡密,社交账号_twitter
3GM9S065:gfkqm6,漫想+ 画布 50元兑换码,其他_其他
3GM9S065:22f92n,咕噜咕AI-专业会员-5000积分,其他_其他
3GM9S065:hf1cul,一键首富（30天5开）卡密【安卓苹果互通】,其他_其他
3GM9S065:t38flu,月卡,其他_其他
3GM9S065:5somfq,推特-解敏邮箱新号-2fa(推荐),社交账号_twitter
3GM9S065:mcyl4x,gpt codex接码,sms_接码
3GM9S065:7bib00,codex接🐎 美区成功率99.99接码,sms_接码
3GM9S065:805896,iCloud邮箱母号,邮箱_icloud
3GM9S065:cx0rrb,云梦AI官方密钥 - 优选创作包 (32万积分) | 4K极清 | 自动发货,其他_其他
3GM9S065:giv20r,Gemini三个月激活链接（最稳渠道）,gemini_优惠链接
3GM9S065:16cluv,Team 带rt质保首登，sub2格式json,gpt_team
3GM9S065:9vqdy9,gpt PROx5官网充值（升级人工充值）,gpt_pro
3GM9S065:ftbz9j,纯手搓Kiro Pro 1000额度，客户反馈质量稳定、可靠，服务到位～～～,ai_platform_kiro
ming:4qf6v8,[自营]GPT IMAGE2生图5500积分套餐,gpt_image2
2VWX76A4:s0lh2m,GPT Free-账密 AT-长效outlook-适合各类业务,gpt_plus_未接码
3GM9S065:owecco,脸书邮箱新号-2FA[手工注册],社交账号_facebook
3GM9S065:6tzzzp,instagram 新号-邮箱注册-已开通2FA[推荐],社交账号_instagram
3GM9S065:uog85r,咕噜咕AI-标准会员-1000积分,其他_其他
3GM9S065:qas1z9,pro权限开通卡！看好说明再买,gpt_pro
2VWX76A4:2abn35,GPT Free-账密 RT-长效outlook-适合各类业务(可网页反代，除Codex),gpt_plus_未接码
3GM9S065:x8z14r,Instagram 2025年3月老号-邮箱绑定支持Cookie登录-已开启2FA,社交账号_instagram
3GM9S065:xsblen,Facebook 账号,社交账号_facebook
3GM9S065:1kabn7,夸克网盘助手年卡,其他_其他
3GM9S065:9epdrd,夸克网盘助手季卡,其他_其他
3GM9S065:ssn5zz,夸克网盘助手月卡,其他_其他
3GM9S065:stlqha,Instagram 账号,社交账号_instagram
3GM9S065:ecs0f8,推特新号-带2fa-outlook注册(推荐),社交账号_twitter
3GM9S065:9ge3o2,X-Twitter自助卡密,社交账号_twitter
3GM9S065:i44ywf,youtube老油管频道-已开通高级功能,社交账号_其他社交
3GM9S065:uqehzs,gmail账号-2022-有youtube油管,邮箱_gmail
3GM9S065:k58dyn,gmail账号-三个月以上-有youtube油管,邮箱_gmail
3GM9S065:2guf8k,推特邮箱新号-满月(2fa),社交账号_twitter
3GM9S065:68fdft,instagram-满月-已开通2FA,社交账号_instagram
3GM9S065:6nlulx,脸书双绑-满月-手机和邮箱双验证,社交账号_facebook
3GM9S065:r306bh,TikTok 账号,社交账号_tiktok
3GM9S065:xko4a6,capcut pro 十二个月,其他_其他
3GM9S065:4vi2y6,capcut pro 六个月,其他_其他
3GM9S065:th9iff,全球各地区TikTok千粉账号（满月白号）,社交账号_tiktok
3GM9S065:ui2e9h,全地区TikTok满年账号（满年白号）,社交账号_tiktok
3GM9S065:9rmjyc,服务项目2：谷歌账号配置,其他_其他
3GM9S065:t23jyi,HCAI Api 100刀直充,ai_platform_其他AI平台
3GM9S065:y24q85,100刀余额,其他_其他
3GM9S065:d3ivc9,tiktok海外版抖音-白号-随机IP,社交账号_tiktok
3GM9S065:7nmlr3,largechestnut-额度20,其他_其他
3GM9S065:4vkl6w,全地区TikTok满月账号（满月白号）,社交账号_tiktok
3GM9S065:zz72tk,HCAI Api 50刀直充,ai_platform_其他AI平台
3GM9S065:y42etn,额度补给｜¥50 = $50 额度,其他_其他
3GM9S065:hdp8ln,AI来了 100刀不限时,ai_platform_其他AI平台
3GM9S065:z2norz,largechestnut-额度10,其他_其他
3GM9S065:dtr3sh,AI来了 100刀一日卡,ai_platform_其他AI平台
3GM9S065:4xdimq,打卡额度（30点）,其他_其他
3GM9S065:kg4xsa,[自营]GPT IMAGE2生图500积分套餐,gpt_image2
3GM9S065:q2tfyo,largechestnut-额度5,其他_其他
3GM9S065:y0ty7h,额度补给｜¥100 = $100 额度,其他_其他
3GM9S065:3q3gh4,ChatGPT Go 正规充值 秒冲,gpt_go
,【直登普号】 Codex专用RT&gt; Codex手机已验证 ✅ (不包二验)   长效微软邮箱,开发工具_codex
3GM9S065:f2egl2,Cursor 美国接码 - 最多可绑3个账号,开发工具_cursor
3GM9S065:cm41ty,群友福利包GCP-google邮箱 高质量【稳定老号】【20-24年Gmail】可做Pixel 家庭组 挖矿,邮箱_gmail
3GM9S065:7v7qar,🟨【个人谷歌邮箱Gmail】原生IP注册3-12个月以上【全新】质保首登🟡自动发货,邮箱_gmail
3GM9S065:ov0wim,🟨【混区个人谷歌邮箱Gmail】-原生IP注册3天以上全新白号【可长期用】-【带2fa登录】🟡自动发货,邮箱_gmail
3GM9S065:o8uni6,谷歌邮箱 人机号需要接码,邮箱_gmail
ming:yrlc5v,1300额度——独享账号代升级 可以跑4.6max fast，无模型限制  30天,gpt_pro
3GM9S065:dyzt7g,10刀 0.03xplus源头中转,gpt_plus_未接码
3GM9S065:enjosh,50刀充值兑换码-仅gpt,卡密兑换_兑换码
3GM9S065:z4g6oj,10刀充值兑换码 仅gpt,卡密兑换_兑换码
ming:ehco18,生图专用（image2，gemini模型）,gpt_image2
3GM9S065:uhvenx,低价AI中转站20刀通用额度,ai_platform_其他AI平台
3GM9S065:jp5fwu,Codex|ChatGPT|US实体卡接码 活5天,sms_接码
2VWX76A4:wdfcqo,长效outlook邮箱 OAuth2令牌号【未触发7天】 支持imap pop,邮箱_outlook
3GM9S065:118gct,HCAI Api 10刀直充,ai_platform_其他AI平台
3GM9S065:6d3ozh,美国雅虎YAHOO.COM邮箱（网页版）,邮箱_其他邮箱
3GM9S065:19a8tn,20x Pro 质保首次登录,gpt_pro
3GM9S065:rik50s,AI漫剧PRO codex包月服务 支持codex出图，远程安装， 每天40刀额度 图片生成0.08,ai_platform_cursor
3GM9S065:578hs6,gpt-img-2 4k 5w分,gpt_image2
3GM9S065:awxda5,ChatGPT土区自助卡  密尊享保障版（含封号包赔,虚拟卡_其他虚拟卡
3GM9S065:qlhnmn,auto-code 月卡-每天300刀额度,开发工具_codex
3GM9S065:zveb8v,全新微软hotmail长效邮箱（带api取件地址）,邮箱_hotmail
3GM9S065:va8pty,1000刀不限时  api站  官方倍率,ai_platform_其他AI平台
3GM9S065:23h47w,auto-code 月卡每天90刀额度,开发工具_codex
3GM9S065:hzzma0,Ai大模型API对接充值兑换码-200$,卡密兑换_兑换码
3GM9S065:2cvsxb,auto-code 1000刀额度卡,开发工具_codex
3GM9S065:o51d1x,Ai大模型API对接充值兑换码-100$,卡密兑换_兑换码
3GM9S065:auwdg7,gpt/codex中转站【500美刀额度】,ai_platform_其他AI平台
3GM9S065:ezgdfl,codex美国卡接码,sms_接码
ming:d48ldy,6500额度—— 独享账号代升级 售出不退不换，速刷无质保  可以跑4.6max fast，无模型限制,gpt_pro
3GM9S065:atnbff,Google 账号,邮箱_gmail
3GM9S065:h2epih,全新Google Gemini年卡账号,gemini_成品号
3GM9S065:n2ii9x,【稳定老号】Google 普号｜美区老号,邮箱_gmail
3GM9S065:qhi94l,gemini 三个月链接 批发有优惠,gemini_优惠链接
3GM9S065:8jh9jr,Gemini 三个月优惠链接,gemini_优惠链接
ming:iu1q8u,2600额度——400刀独享账号代升级 可以跑4.6max fast，无模型限制  30天,gpt_pro
3GM9S065:1rpuij,auto-code 月卡-每天30刀额度,ai_platform_cursor
3GM9S065:w3tk5c,auto-code 500刀额度卡,ai_platform_cursor
ming:z7puho,700额度——独享账号代升级 可以跑4.6max fast，无模型限制  30天,gpt_pro
3GM9S065:2idrzm,100刀充值兑换码-仅gpt,卡密兑换_兑换码
3GM9S065:ymvw54,api.aiutools.fun 站 10刀额度,开发工具_api
3GM9S065:5llyc0,auto-code 周卡-每天30刀额度,ai_platform_cursor
3GM9S065:byomta,[成品号]🇺🇸美国+1 API链接 新号 热卖促销🔥,号码_美国
3GM9S065:g5tiyr,[成品号]哥伦比亚+57 API链接 满月 24H冻结包赔1次 炒鸡推荐🔥🔥,号码_随机国家
3GM9S065:t100pb,100刀余额兑换码(自助兑换),卡密兑换_兑换码
3GM9S065:i0r56p,GPT-image2 50积分/日，30天共1500积分（月卡）,gpt_image2
3GM9S065:khe9n2,每天2刀gpt兑换码（30天）,卡密兑换_兑换码
3GM9S065:dkqwpd,0刀卡（自测）,卡密兑换_兑换码
3GM9S065:41te5v,VISA 0 刀虚拟卡 485954(gpt 需要手法)无3ds介意别拍小时kiro别拍拍错不退什么都过不去,虚拟卡_visa虚拟卡
3GM9S065:4dptcm,美国雅虎（yahoo）邮箱 30天以上老号 业务自测 【pop】不能网页登入 看清楚！！,邮箱_其他邮箱
3GM9S065:m3j3rw,日本长效 CDK可用  outlook.jp 全新注册  业务自测   不售后 看清楚 在下单,邮箱_outlook
3GM9S065:b2d0dk,德国长效 outlook.de  全新注册 业务自测 不售后 看清楚 在下单,邮箱_outlook
3GM9S065:4m6u1f,【美区长效】outlook.com(老号）,邮箱_outlook
3GM9S065:rawm5n,谷歌企业邮箱 混合域名 gmail （注册7天）业务自测 不售后,邮箱_gmail
3GM9S065:hhg8a2,ChatGPT API | 中转 1100刀,开发工具_api
3GM9S065:7fl2ma,Antigravity反重力pro成品号带rt（已过验证，可直接使用）,gpt_pro
3GM9S065:3r6fe5,Windsurf 210刀 谷歌邮箱,ai_platform_cursor
3GM9S065:k6a1u8,Gemini成品号12个月，质保6小时首登（随机ip）,gemini_成品号
3GM9S065:t1zysx,提取12个月优惠链接 一次 gemin pro（不会用别买不退不换，小白别买）,gemini_优惠链接
3GM9S065:13ifhc,中转额度-1000刀-支持opus4.8,开发工具_api
3GM9S065:arum2k,💌【特惠月卡】小蓝 API  30刀额度/天,开发工具_api
3GM9S065:9n1fgc,ChatGPT free号 ｜含RT｜邮｜手｜双绑,gpt_plus_未接码
3GM9S065:sgomh4,💌【至尊】小蓝 API 1000刀额度 不限时,开发工具_api
3GM9S065:xxfvls,💌【王者】小蓝 API  500刀额度 不限时,开发工具_api
3GM9S065:i749rk,💌【钻石】小蓝 API  300刀额度 不限时,开发工具_api
3GM9S065:fq3ij9,100刀GPT额度兑换码,卡密兑换_兑换码
3GM9S065:1nvuwo,中转额度-500刀-支持opus4.8,开发工具_api
3GM9S065:d46z7b,50刀余额兑换码(自助兑换),卡密兑换_兑换码
3GM9S065:k4ux9w,gpt/codex中转站【100美刀额度】,开发工具_api
3GM9S065:jtvb26,gpt普通账号（手搓，Mail邮箱，更适合充pro）,gpt_plus_未接码
3GM9S065:8ilrp9,gpt/codex中转站【20美刀额度】,开发工具_api
3GM9S065:hvelgj,coedx 接码 （一次码） 已上新来码率98%,sms_接码
3GM9S065:2jtdfa,💌【特惠周卡】小蓝 API  30刀额度/天,开发工具_api
3GM9S065:srd32m,5元100张生图额度,其他_其他
3GM9S065:2k3kv9,【美区】20-25年 Gemini一年账号（需验证手机）,gemini_成品号
3GM9S065:ghs7j8,gpt普通账号（高质量Mail邮箱，带rt）,gpt_plus_未接码
3GM9S065:657s6q,[普号]微软邮箱,邮箱_outlook
3GM9S065:iadlwh,Paypal 60天长效 接码,sms_接码
3GM9S065:p1ctp2,低价AI中转站10刀通用额度,开发工具_api
3GM9S065:oizeq1,ChatGPT API 中转 | 10刀体验,开发工具_api
3GM9S065:b9vtd0,全新微软邮箱，Chatgpt账号。,邮箱_outlook
3GM9S065:86hl7k,【美区】20-25年 Gemini一年账号(包GCP),gemini_成品号
3GM9S065:4ngnxe,【随机】20-24年 Gemini一年账号（需验证手机）,gemini_成品号
3GM9S065:n880k1,ChatGPT API 中转 | 500刀,开发工具_api
3GM9S065:xdxzo4,【代理拿货 10元/100$ 】【100 美金】 CC  Codex API 中转 兑换码 卡密· 招代理·  赚外快,卡密兑换_兑换码
3GM9S065:4yc10l,500刀通用额度,开发工具_api
3GM9S065:knytg8,200刀通用额度,开发工具_api
3GM9S065:hi72d8,Codex 50刀不限时,开发工具_api
3GM9S065:6z5umg,100刀通用额度,开发工具_api
3GM9S065:g01ckm,ChatGPT API 中转 | 100刀,开发工具_api
3GM9S065:12yen2,hotmail 长效邮箱（自动化可使用）,邮箱_hotmail
3GM9S065:4abgrw,0刀虚拟卡【485954;不包任何业务，请测试后批量购买，无质保无售后】,虚拟卡_其他虚拟卡
3GM9S065:wdnxxm,苹果下载号可用于APPStore,其他_其他
3GM9S065:g1mjcl,【随机】20-24年 Gemini一年账号(大部分包GCP)),gemini_成品号
3GM9S065:sa6eje,Gmail邮箱质保首登无售后均已验活,邮箱_gmail
3GM9S065:m2ymgx,微软hotmail,邮箱_hotmail
3GM9S065:737urg,全新微软 Outlook 邮箱 - 无售后,邮箱_outlook
3GM9S065:sqvktp,gpt普通账号（微软outlook邮箱）,gpt_plus_未接码
3GM9S065:aiejbj,gpt普通账号（微软hotmail邮箱）,gpt_plus_未接码
3GM9S065:uf444t,gpt接码（有效期25-30天）,gpt_plus_已接码
3GM9S065:tossi1,🎓 GitHub 学生包,开发工具_api
3GM9S065:zvl420,Gemini 4个月激活链接（小白不要买，可以用10次，要资格号）,gemini_优惠链接
3GM9S065:w7zvim,Windsurf不限速（无质保）,ai_platform_其他AI平台
3GM9S065:o5wlai,10刀余额兑换码(自助兑换),卡密兑换_兑换码
3GM9S065:ui6682,10刀通用额度,卡密兑换_兑换码
3GM9S065:7e1lmh,auto-code 30刀额度卡,卡密兑换_兑换码
3GM9S065:zfpmog,🟨【21-26年老号】谷歌邮箱成品老号·Gmail带2fa链接·包登录🟡自动发货,邮箱_gmail
3GM9S065:qfa0gc,服务项目7：企业谷歌邮箱账号,邮箱_企业邮箱
3GM9S065:2qrnrq,微软长效邮箱Outlook Trusted 邮箱- OAuth2 + Graph 满周长期有效,邮箱_outlook
3GM9S065:5uhoit,Outlook邮箱—无售后,邮箱_outlook
3GM9S065:pg3shd,微软长效-outlook-【gr/o2双令牌号】Graph令牌号和OAuth2-IMAP-POP3,邮箱_outlook
3GM9S065:z6syr3,微软长效-Outlook,邮箱_outlook
ming:vifitf,cursor月卡-插件计费 一天200额度,ai_platform_cursor
3GM9S065:ypjec1,Cursor 免费号(微软邮箱可改密)-可用Auto,ai_platform_cursor
3GM9S065:hzgvmh,自选地区 TG【1-2年静养】,社交账号_telegram
3GM9S065:ktk492,Cursor 免费号-可用Auto（带账密）,ai_platform_cursor
3GM9S065:qg9j65,微软长效邮箱hotmail邮箱- OAuth2 + Graph 满周长期有效,邮箱_hotmail
3GM9S065:31ldkd,Twitter 账号,社交账号_twitter
3GM9S065:9ymt47,自选地区 TG【4-8个月静养】,社交账号_telegram
3GM9S065:w8mkuw,自选地区 TG【2-4个月静养】,社交账号_telegram
3GM9S065:9ogk71,Figma教育版成品号 一年会员,开发工具_api
3GM9S065:w9sv5a,【双接码微软】free（90％可开plus）,gpt_plus_已接码
3GM9S065:b03xia,Outlook.de微软德国邮箱（OAuth2令牌邮箱，已开通IMAP POP3）,邮箱_outlook
3GM9S065:nl53px,hotmail-令牌长效-已绑辅邮-卡密带辅邮账密-(已授权oauth2，IMAP GRAPH),邮箱_hotmail
3GM9S065:d002rm,微软长效-outlook-【双令牌号】-【英文随机+数字】Graph令牌号和OAuth2-IMAP-POP3,邮箱_outlook
ming:5rykpb,cursor周卡-不换号-插件计费,ai_platform_cursor
ming:qohbr4,cursor日卡-不换号-插件,ai_platform_cursor
3GM9S065:7ermd4,Cursor普通账号（微软邮箱）,ai_platform_cursor
3GM9S065:ea7on0,中转站余额充值：100刀【不限时间】,其他_其他
3GM9S065:3kec24,中转站余额充值：50刀【不限时间】,其他_其他
3GM9S065:kfb9zb,中转站余额充值：10刀【不限时间】,其他_其他
3GM9S065:ekd371,outlook.jp/日本微软邮箱长效 OAuth2令牌号支持imap/pop/graph双协议,邮箱_outlook
3GM9S065:j6yequ,outlook.com.au/澳大利亚微软邮箱长效 OAuth2令牌号支持imap/pop,邮箱_outlook
3GM9S065:edtd3j,微软邮箱长效-outlook 满周长效oauth2令牌,邮箱_outlook
3GM9S065:a50rsa,微软邮箱长效-outlook  oauth2令牌 refresh_token号  imap pop3,邮箱_outlook
3GM9S065:yw8nky,长效【微软邮箱交付】GPT账号（白号）FREE普通号含access_token,gpt_plus_未接码
3GM9S065:1srbbx,随机地区2022--2024年Gmail邮箱带2fa,邮箱_gmail
3GM9S065:gpt1jj,服务项目8：中期谷歌账号-下单后直接找客服拿货！缺货找客服补货！,邮箱_gmail
3GM9S065:qn118p,谷歌一年以上 2FA 谷歌账号Gmail邮箱购买 (部分有使用痕迹 谷歌云Gmail正常 )-缺货找客服补货！,邮箱_gmail
3GM9S065:rs3zsx,【随机地区】谷歌邮箱20-24年,邮箱_gmail
3GM9S065:clkl8i,【美区】谷歌账号20-24年,邮箱_gmail
3GM9S065:isaes6,【随机】谷歌账号20-24年,邮箱_gmail
3GM9S065:kjxraf,gemini三个月优惠链接，给老铁救急用,gemini_优惠链接
3GM9S065:21dali,outlook-令牌长效-邮件获取:imap;pop3;graph(双令牌通用),邮箱_outlook
3GM9S065:dkoqk4,Paypal接码(会用，知道干啥用的拍，相反的勿拍)（最低30天有效）,sms_接码
3GM9S065:7vn579,Kiro注册机源码,ai_platform_kiro
3GM9S065:e7vql3,稳定  一卡一绑 质保首登,其他_其他
3GM9S065:15v3sa,Outlook_长效令牌号_IMAP取件或者Graph取件,邮箱_outlook
3GM9S065:52h2bl,微软长效-outlook-API取件-Graph令牌号和OAuth2,邮箱_outlook
3GM9S065:lnhlf1,微软长效-Hotmail-API取件-Graph令牌号和OAuth2,邮箱_hotmail
3GM9S065:hbv2q1,微软长效-hotmail-【gr/o2双令牌号】-【英文随机+数字】Graph令牌号和OAuth2-IMAP-POP3,邮箱_hotmail
2VWX76A4:s3mdzj,微软长效-outlook-【gr/o2双令牌号】-【英文随机+数字】Graph令牌号和OAuth2-IMAP-POP3,邮箱_outlook
3GM9S065:9nrzsl,PRO200刀有质保20X【正规充值】 可以续费 客服转账免手续费,gpt_pro
3GM9S065:7ae947,PRO100刀有质保5X 【正规充值】可以续费 客服转账免手续费,gpt_pro
3GM9S065:l62bzl,Token 中转站入门包（3个验活Token+部署教程）,其他_其他
3GM9S065:e2znac,3钻石💎试用装-CodexPro-使用时间不限时（电脑使用，免费帮忙配置）,开发工具_codex
3GM9S065:eqrsj4,plus5刀限时体验版本,gpt_plus_未接码
3GM9S065:yzgp2g,chatgpt镜像站周卡,其他_其他
3GM9S065:dm6s47,多合一系统天卡（每小时限制30次）,其他_其他
3GM9S065:oa6sxo,50刀通用额度,其他_其他
3GM9S065:4bhr3o,【代理拿货 1元/10$ 】【10 美金】 CC  Codex API 中转 兑换码 卡密· 招代理·  赚外快,开发工具_codex
3GM9S065:fbgxsc,ChatGPT 普号 微软普号 无质保 一般不封 网页用， codex 需要自己接码,gpt_go
2VWX76A4:33isqd,GPT账号【微软邮箱交付】（白号）gpt专用｜高权重家宽｜独享号,gpt_go
3GM9S065:tcd7ei,ChatGPT | 【高质量普号】,gpt_go
3GM9S065:hnexs5,全新微软 Hotmail 邮箱（可注册 GPT） - 无售后,邮箱_hotmail
3GM9S065:u3m6k0,Gpt认证Kyc,其他_其他
3GM9S065:kw7e9b,💌【黄金】小蓝 API 100刀额度 不限时,开发工具_api
3GM9S065:jixiu8,💌【白银】小蓝 API  30刀额度 不限时,开发工具_api
3GM9S065:v1zj0k,小白学会使用GPT完整教程,其他_其他
3GM9S065:u3icf8,💌【试用款】小蓝 API 30刀额度 日卡(每天限兑换一张),开发工具_api
3GM9S065:rwde24,➕客服V: ONE-AI-CLUB，拿货免手续费,其他_其他
3GM9S065:msq0lv,chatgpt free号50个（接过码）,gpt_go
3GM9S065:ytwhnk,纯plus-gpt(cx;5;4)—10刀,gpt_plus_未接码
3GM9S065:psvevi,【美国+1】6-12个月 精品稳定号 | 中等权重 | 进阶安全使用期,号码_美国
3GM9S065:xxorwp,【美国+1 】高性价比新号 | 基础权重 | 必备小号备用号,号码_美国
ming:30znq2,[全新] 超长效微软邮箱,邮箱_outlook
yimengai:vs5nbg,GPT Free 成品号全格式｜已接码｜可刷新 RT｜支持 sub / cpa  / JSON,gpt_go
3GM9S065:zf4mar,Codex支持普通/plus-1刀余额,开发工具_codex
GUEOI7Z9:egj162,GPT free Gmail邮箱 已开通2fa 未接码,gpt_go
Z65QS0QG:yar3d1,chatgpt free成品号  icloud邮箱 (未接码),gpt_go
yimengai:vs5nbg,GPT Free 成品号全格式｜已接码｜可刷新 RT｜支持 sub / cpa  / JSON,gpt_go
2VWX76A4:wb1iuj,GPT谷歌Gmai邮箱free号(未接码大部分带免费资格),gpt_go
ming:cfusjl,印度UPI | 巴西PIX 提链10次卡 | 无质保,其他_其他
2VWX76A4:s0lh2m,GPT Free-账密 AT-长效outlook-适合各类业务,邮箱_outlook
2VWX76A4:ib2aza,Gmail---URL Chatgpt专用接码 可分裂 群友专用链接,邮箱_gmail
2VWX76A4:yokdd6,Gmail---URL Chatgpt专用接码 可分裂,邮箱_gmail
2VWX76A4:9rb0ve,gmail 邮箱 Free 已开通2fa; 百分百0元优惠，开plus专用,邮箱_gmail
2VWX76A4:tt202q,UPI/PP/IDEAL/PIX 印度UPI/日本PP/荷兰IDEAL/巴西PIX 通用卡密 10次 不成功不扣次数,卡密兑换_充值码
2VWX76A4:2abn35,GPT Free-账密 RT-长效outlook-适合各类业务(可网页反代，除Codex),邮箱_outlook
2VWX76A4:1qg6k0,iCloud 邮箱｜稳定收发｜不要改密码｜无售后,邮箱_icloud
2VWX76A4:33isqd,GPT账号【微软邮箱交付】（白号）gpt专用｜高权重家宽｜独享号,邮箱_outlook
2VWX76A4:9jpsl4,反重力antigravity  24小时自助代过 CDK激活（扫码接码激活代过）,sms_接码
2VWX76A4:wdfcqo,长效outlook邮箱 OAuth2令牌号【未触发7天】 支持imap pop,邮箱_outlook
2VWX76A4:mhq7od,Hotmail 可信赖活跃账户 3-6+ 个月（格式 OAUTH2),邮箱_hotmail
2VWX76A4:db93g7,美实卡1个月有效,虚拟卡_visa虚拟卡
2VWX76A4:s3mdzj,微软长效-outlook-【gr/o2双令牌号】-【英文随机+数字】Graph令牌号和OAuth2-IMAP-POP3,邮箱_outlook
ming:cfusjl,印度UPI | 巴西PIX 提链10次卡 | 无质保,卡密兑换_充值码
ming:mu5152,13000额度—— 独享账号代升级 售出不退不换，速刷无质保  可以跑4.6max fast，无模型限制,ai_platform_cursor
ming:d48ldy,6500额度—— 独享账号代升级 售出不退不换，速刷无质保  可以跑4.6max fast，无模型限制,ai_platform_cursor
ming:iu1q8u,2600额度——400刀独享账号代升级 可以跑4.6max fast，无模型限制  30天,ai_platform_cursor
ming:yrlc5v,1300额度——独享账号代升级 可以跑4.6max fast，无模型限制  30天,ai_platform_cursor
ming:z7puho,700额度——独享账号代升级 可以跑4.6max fast，无模型限制  30天,ai_platform_cursor
ming:vifitf,cursor月卡-插件计费 一天200额度,ai_platform_cursor
ming:jxez7n,微软长效-outlook-【gr/o2双令牌号】-【英文随机+数字】,邮箱_outlook
ming:30znq2,[全新] 超长效微软邮箱,邮箱_outlook
ming:zbs52j,Pro5×低价人工直冲,gpt_pro
ming:4qf6v8,[自营]GPT IMAGE2生图5500积分套餐,gpt_image2
ming:5rykpb,cursor周卡-不换号-插件计费,ai_platform_cursor
ming:qohbr4,cursor日卡-不换号-插件,ai_platform_cursor
ming:ehco18,生图专用（image2，gemini模型）,gpt_image2
3GM9S065:st3vc9,CODEX API 200刀不限时 非Free号池,开发工具_codex
3GM9S065:de0sas,CODEX API CDK 1000刀,开发工具_codex
3GM9S065:a4sjiv,CODEX API CDK 500刀,开发工具_codex
3GM9S065:2epwxw,Codex官方中转API 50美元0.1x倍率=500美元额度,开发工具_api
3GM9S065:43x1le,codex  中转 api  100刀,开发工具_api
3GM9S065:c61xns,Codex官方中转API 10美元0.1x倍率=100美元额度,开发工具_api
3GM9S065:4orfta,CODEX API 100刀不限时 非Free号池,开发工具_api
3GM9S065:t0k0io,CODEX API 50刀不限时 非Free号池,开发工具_api
3GM9S065:hvpd7a,CODEX API 20刀不限时 非Free号池,开发工具_api
3GM9S065:314s6a,CODEX API 10刀不限时 非Free号池,开发工具_api