product_key,name
plus123:g5jecb,Paypal 接码 （一次码|巴西|看清楚商品说明）
3GM9S065:k3d17z,CHATGPT FREE号 （已经接过码）
plus123:rtf3fk,🟨【21-26年老号】谷歌邮箱成品老号·Gmail带2fa链接·包登录🟡自动发货
plus123:m1g92p,高纯净度家庭住宅 美国IP
plus123:pe3hf0,（可抵扣）美国公司注册，多州可选，适合跨境 / TikTok / 海外项目
plus123:4q0578,最稳巴西pix渠道- 质保15天- icloud 邮箱-支持登录codex，动态家宽注册
plus123:djo1gu,英国 实体卡 Giffgaff 旅游专用(一天内发货）
plus123:n8423k,美国教育邮箱（@live.hccc.edu）
plus123:vixzco,【印度+91】
plus123:65djsf,【随机国家】 双向撸毛号
plus123:gt7xha,【美国+1】特价 精养推荐
plus123:7mw4xh,Twitter推特账号 注册1-7天 | 邮箱认证 邮箱可用 | 包含2FA+CT0+token登录
plus123:a9oetd,Outlook邮箱—无售后
plus123:7smune,【随机地区】】6-12个月
plus123:hc5dxk,[ 30天 ] 有效期卡密｜附加商品｜自动发货
plus123:amb1d0,[ 14天 ] 有效期卡密｜附加商品｜自动发货
plus123:75mhtb,[ 7天 ] 有效期卡密｜附加商品｜自动发货
plus123:moke6j,[ 3天 ] 有效期卡密｜附加商品｜自动发货
plus123:84et1t,[ 1天 ] 有效期卡密｜附加商品｜自动发货
plus123:qqi60z,【长期稳定】 iCloud 邮箱子号｜可回信可收信｜ (质保3天) 非分裂邮箱 支持API/网站
plus123:zdnaro,【长期稳定】 iCloud 邮箱子号｜可回信可收信｜ (质保15天) 非分裂邮箱
plus123:5139n5,【长期稳定】iCloud 高质量邮箱｜可回信可收信｜ (质保15天) [可注册GPT] 支持 API/网站
plus123:f5mf22,HOTMAIL邮箱(带账密和令牌，可快速取件)
plus123:9pkfx7,Outlook邮箱(带账密和令牌，可快速取件)
plus123:1m8o91,06-19年GMAIL邮箱/2FA/随机地区
plus123:mdtjue,gemini三个月优惠链接，给老铁救急用
plus123:hqzx0z,20-24GMAIL   US(看教程还不会使用的别拍)
plus123:b0nqki,20-24GMAIL邮箱/2FA/随机地区(看教程还不会使用的别拍)
plus123:8yzqq6,【美国+1】2~3年 精养老号 | 顶级权重 | 无视常规风控
plus123:3xcxu7,【印度+91】1~3年 精养老号 | 高权重 | 抗风控强
plus123:sea9jk,【美国+1】1~2年 精养老号 | 高权重 | 抗风控强
plus123:nge8rj,【加拿大+1】9-12个月 精品稳定号 | 中等权重 | 进阶安全使用期
plus123:9pd7n3,【美国+1】6-12个月 精品稳定号 | 中等权重 | 进阶安全使用期
plus123:i0o52e,【美国+1 】高性价比新号 | 基础权重 | 必备小号备用号
plus123:bk7yge,【格陵兰+299】绝版6位短号 注册时间随机
plus123:80dso6,Chat GPT GO 月卡 美区（安卓IOS通用）正规IOS 质保30天
plus123:17bvo2,【美国+1】3~6个月 精品优质号 | 中低权重 | 度过风险期
plus123:4881ku,【格陵兰+299】绝版6位短号 注册时间随机
plus123:k4s2hl,Perplexity Pro 月卡 全区通用ios直充，可开发票
plus123:4ptydz,随机区谷歌Gmail邮箱，12小时质保首登
plus123:6rymm5,chatgpt成品号-高权重谷歌邮箱开通-未接码-印度UPI【新产】
plus123:3ix9zt,英国永久手机号（GG实体卡）
plus123:idvtge,bug的team，一个250刀。尽量用cpa跑，sub2调度有问题，下订单前看清楚
plus123:ljcftu,ChatGPT Pro5x月卡  质保不掉订阅 可开发票  IOS渠道
plus123:8bfeis,质保-Max5X 成品号(全程质保)【预订款】人工交付
plus123:stc8jz,质保-Max20X 成品号(全程质保)【预订款】人工交付
plus123:vt3ha6,GPT Cyber认证【Persona认证】
plus123:fjhsid,Max20X 成品号(质保掉订阅)人工交付
plus123:v9nsbt,Max5X 成品号(质保掉订阅)人工交付
plus123:rkevhk,全新Google Gemini年卡账号-已过反重力认证版-可直接用反重力
plus123:738i64,Gemini全年激活-到自己账号
plus123:vwn6gv,全新Google Gemini年卡账号
plus123:kxulxu,ChatGPT 充值码，对应8美元一个月的Go订阅
plus123:yriffk,gpt free（免费账号）iCloud邮箱
plus123:haos8d,iCloud邮箱子号（非分裂邮箱）
plus123:3vx104,outlook.jp/日本微软邮箱长效 OAuth2令牌号支持imap/pop/graph双协议
plus123:4kcehj,outlook.com.au/澳大利亚微软邮箱长效 OAuth2令牌号支持imap/pop
plus123:duwv92,微软长效邮箱hotmail邮箱- OAuth2 + Graph 满周长期有效
plus123:tez6ff,微软长效邮箱Outlook Trusted 邮箱- OAuth2 + Graph 满周长期有效
plus123:82tz6f,💎 Figma 官方正规教育认证（1年高校高等教育版 / 全 AI 解锁）
plus123:vgp02i,美国大学教育邮箱Edu Mail【质保7天】
plus123:fhau0v,Gemini 三个月优惠链接
plus123:pdzhgf,GPT GO 【秒冲不排队/可覆盖】30天质保 24h可充
plus123:b2yujt,闲鱼助手自动采集上品下品降价   测试卡
plus123:uk78cv,随机  2-4年邮箱  不包gcp
plus123:abu6dl,反重力antigravity  24小时自助代过 CDK激活（扫码接码激活代过）
plus123:alj7re,提取12个月优惠链接 一次 gemin pro（不会用别买不退不换，小白别买）
plus123:736giq,德国长效 outlook.de  全新注册 业务自测 不售后 看清楚 在下单
plus123:9lolvd,美国雅虎YAHOO.COM邮箱（网页版）
plus123:zi8tbi,美国雅虎（yahoo）邮箱 30天以上老号 业务自测 【pop】不能网页登入 看清楚！！
plus123:ia9oq5,【美区长效】outlook.com(老号）
plus123:7h8x1e,0刀虚拟卡【485954;不包任何业务，请测试后批量购买，无质保无售后】
plus123:8nrfj9,apple/icloud  接码  美区 【单次接码】
plus123:dbo6sm,【需要自己接码】plusl  带at，部分反代直接可用，网页端正常！！
plus123:3jt6gz,免接码 GPT Free -Json 批发 【反代专用】
plus123:60jmgj,日本长效 CDK可用  outlook.jp 全新注册  业务自测   不售后 看清楚 在下单
plus123:9rkp14,kropro+2k积分已开启超额（ison文 件：质保首登）
plus123:vd43tt,Google/Gmail/YouTube 接码 哥伦比亚【单次接码】 业务自测  ！！！
plus123:8ofwou,Instagram/Threads 接码 美区【单次接码】 业务自测  ！！！
plus123:csateo,长效微软邮箱 /已解锁 /outlook /支持pop3/imap/graph 取件 /可绑自己辅助邮箱
plus123:wbs3yq,【KIRO】 KIRO 普号 -固定50额度 -kirors导入格式
plus123:pst8wn,高质量gmail邮箱 随机地区 2011--2019年gmail邮箱带2fa（带2个月接码链接）
plus123:2lm9hs,Google 谷歌邮箱【高质量 】美区 2020--2024年 老邮箱
plus123:qltlt3,[反重力]混区 Antigravity 成品号（已过验证，可直接登录使用）
plus123:o51ffu,【已接码】CHATGPT FREE号  反代专用 发货 json 不会用 不要下 没有账号密码 codex 需要插件可用
plus123:a88wia,长效注册邮箱注册万物 微软邮箱hotmail.com邮箱 带密码 直接网页登录
plus123:av9hui,长效注册邮箱注册万物 微软邮箱，这个是协议取件的@outlook.com
plus123:gpaxv9,[普号] ChatGPT——长效微软邮箱
plus123:165puy,【质保30天】GPT pro5x 订阅 官方充值 免排队 秒充(5-10分钟到账)
plus123:o4yqjc,codex-接码-全球
plus123:j4xcy9,奎桑提的神秘商店【中转老板专用｜详情咨询】
plus123:yan6gq,【美国+1】2~3年 精养老号 | 顶级权重 | 无视常规风控
plus123:ze5bog,【随机国家】【双向撸毛号】
plus123:dc8mu5,【印度+91】【双向撸毛号】
plus123:jnpam5,【美国+1】6-12个月⭐推荐
plus123:xtwbgp,【美国+1】 1年 ⭐特价推荐
plus123:yokgcf,hotmail-令牌长效-已绑辅邮-卡密带辅邮账密-(已授权oauth2，IMAP GRAPH)
plus123:1xv4wz,outlook-令牌长效-邮件获取:imap;pop3;graph(双令牌通用)
plus123:9p58fe,精品各国定制原生独享静态 IP
plus123:z1lkdy,精品日本原生独享静态 IP
plus123:jh5wrb,精品美国原生独享静态 IP
plus123:g38dm7,2022-2024【高权重】美区gmail老邮箱
plus123:yq66ee,GPT Pro5x 正规卡充【带账单】
plus123:9htt0u,coedx 接码 （一次码） 已上新来码率99%
plus123:wqeikx,iCloud邮箱
plus123:8b8cvt,美国ip
plus123:dwdnfd,瑞幸咖啡 瑞幸咖啡50选一全国门店通用到店自提
plus123:c3fk6y,微软长效-Hotmail-API取件-Graph令牌号和OAuth2
plus123:m8ix2l,号码租用平台5美金CDK
plus123:az0ut7,号码租用平台1美金CDK
plus123:3uwax4,Cursor 美国接码 - 最多可绑3个账号
plus123:v1xroq,Cursor 免费号(微软邮箱可改密)-可用Auto
plus123:984rv0,Cursor 免费号-可用Auto（带账密）
plus123:6anr8g,codex-接码-美区高质量
plus123:1wyk37,美区实卡号码   成         功 率99 大概3-5天卡
plus123:zu9ztt,Pixel自助开通卡密全流程包绑卡
plus123:k1z1jq,CDK 专用【子邮箱】iCloud 隐私邮箱 （开plus 绑定专用） 不会用不要下
plus123:agco13,【普号】Codex手机已验证✅ Codex专用RT Codex/Sub2api/CPA 适配 长效微软邮箱(不包二验)
plus123:mwl96t,自选地区 TG【2-4个月静养】
plus123:4nm9x7,全地区TikTok满年账号（满年白号）
plus123:7c4r7f,Codex🇺🇸手机接码验证（秒接 接不到退款 五天可接三次）
plus123:69bv77,chatgpt 普通账号｜GPT账号（白号）免费账号｜长效微软邮箱交付｜账号密码直登｜gpt专用｜高权重家宽｜独享号｜
plus123:ktnuaa,Gmail 谷歌邮箱 质保首登 带2fa 号内送gemini 18个月会员
plus123:rv7yc2,精品稳定老号谷歌邮箱 gmail号  随机地区 21-22年居多
plus123:ywsww4,全新微软邮箱Outlook网页号 未触发7天
plus123:7bewx4,全新微软空邮箱，用于换绑GPT账号（转移GPT账号用）
plus123:kyjk7f,英国原装 GG 电子卡 (eSIM)（高净值账号专用 / 零月租）
plus123:o3sqxp,💎 英国 Giffgaff 官方话费充值 （10英镑面额 / 免上号）
plus123:ifyodp,Google/Gmail/YouTube 接码 巴西【单次接码】 业务自测  ！！！
plus123:hyc9yh,Google/Gmail/YouTube 接码 智利【单次接码】 业务自测  ！！！
plus123:h2ngh9,【Adobe】 Firefly 普号   固定10积分
plus123:ut0iqc,【随机国家】Gmail 高质量 22-24年老号，带2fa，可以长期使用
plus123:h6lvq3,gpt美卡接码（有效期25-30天）
plus123:92gejr,codex短效接码 高来码率！！！！！接码国家随时更新 不用担心都是一个国家的码
plus123:b6fekc,OpenAI Codex 手机接码（质保1次成功接码）
plus123:n8yg42,【美区长效】Codex接码实体卡 25天有效期
plus123:u7gxin,精品稳定个人谷歌Gmail邮箱老号  至少两年以上，2FA 随机地区美区居多
plus123:te9anx,高品质 带接码链 不怕封 包GCP 稳定Google老号 Gmail邮箱（一年以上/2FA/VT支持/GCP支持）
plus123:rx00pw,Codex|ChatGPT|US实体卡接码 活5天
plus123:j86p0f,【Free号】 GPT/Codex  高质量|已绑手机|RT|微软邮箱|动态家宽注册|可邮箱接码
plus123:ipamds,GPT Free-账密 RT-长效outlook-适合各类业务(可网页反代，除Codex)
plus123:2qtk9b,随机地区 Gmail 20-25年注册（适用于pixel）包首登
plus123:s1c5an,【质保6小时】Gmail邮箱  美区谷歌邮箱
plus123:xtf2ph,GPT PLUS 镜像站(天卡)
plus123:kd2bum,【美国+1】6~8年 骨灰级老号 | 顶级权重 | 无视常规风控 | 全球少量库存售完绝版
plus123:totbg6,【美国+1】4~6年 骨灰级老号 | 顶级权重 | 无视常规风控 | 全球少量库存售完绝版
plus123:or8ixz,【美国+1】2~3年 精养老号 | 顶级权重 | 无视常规风控
plus123:xtbfx6,【印度+91】1~3年 精养老号 | 高权重 | 抗风控强
plus123:a4kljk,【美国+1】1~2年 精养老号 | 高权重 | 抗风控强
plus123:1xfvdf,【加拿大+1】9~12个月 精品稳定号 | 中等权重 | 进阶安全使用期
plus123:7pdlr0,【美国+1】6~12个月 精品稳定号 | 中等权重 | 进阶安全使用期
plus123:xhbtei,【美国+1 】高性价比新号 | 基础权重 | 必备小号备用号
plus123:75fvy1,VISA 0 刀虚拟卡 485954(gpt 需要手法)无3ds介意别拍小时kiro别拍拍错不退什么都过不去
plus123:bz4caa,享美国精品IP
plus123:ejec7f,Image2.0生图(100张)【网页版2天质保】
plus123:nshn8u,Image2.0生图(1000张)【网页版2天质保】
plus123:e625fm,[自营]GPT IMAGE2生图500积分套餐
plus123:eobm2a,[自营]GPT IMAGE2生图5500积分套餐
plus123:748o0q,Cursor Free Auto 白号
plus123:f28rml,cursor日卡-不换号-插件
plus123:73r4bq,生图专用（image2，gemini模型）
plus123:ylfl5o,🇺🇸 美国私人住宅IP ｜ 独享原生 ｜ 年付套餐
plus123:if1cha,🚀防封必看！ChatGPT Plus土区稳定订阅保姆级教程，同步更新
plus123:u59arc,🚀 Codex 反代与 Cockpit 全新软件使用教程
plus123:e3ep4h,cursor周卡-不换号-插件
plus123:lh00nf,微软长效-Outlook
plus123:3wfff8,codex接🐎 美区成功率99.99
plus123:hkz3ui,【美区】谷歌账户 20-24年
plus123:heh79r,推特邮箱新号-满月(2fa)
plus123:uco2fw,推特-2010-2023年[账密直登]
plus123:fcha0d,推特老号-2012-2024年-绑定手机(带2fa)
plus123:zzc2ll,instagram 新号-邮箱注册-已开通2FA[推荐]
plus123:9mfas7,instagram新号-5贴10粉-已开通2FA
plus123:1ojwc2,instagram-满月-已开通2FA
plus123:j7dpli,instagram-满5个月-已开通2FA[Cookies]
plus123:i1vwk3,Instagram 2025年3月老号-邮箱绑定支持Cookie登录-已开启2FA
plus123:3atlvb,gmail账号-三个月以上-有youtube油管
plus123:gku3xq,gmail账号-2022-有youtube油管
plus123:pxdyo6,youtube老油管频道-已开通高级功能
plus123:tt2594,脸书邮箱新号-2FA[手工注册]
plus123:tycpqr,脸书双绑-满月-手机和邮箱双验证
plus123:p86xbr,脸书双绑-满六个月-手机和邮箱双验证
plus123:qrn0nb,脸书-2023年-手机注册-2FA[可选国家]
plus123:l56cc8,tiktok-美国IP注册[自建邮箱]
plus123:88d2cj,tiktok海外版抖音-白号-随机IP
plus123:lu63ms,推特-解敏邮箱新号-2fa(推荐)
plus123:p398by,推特新号-带2fa-outlook注册(推荐)
plus123:bvvscr,【美国+1 】高性价比新号 | 基础权重 | 必备小号备用号
plus123:5mjmyv,【双接码微软】free（90％可开plus）
plus123:1goa57,【月卡】自用订阅链接30天60G
plus123:rqddrr,cursor月卡-插件计费 一天200额度
plus123:17mk7e,微软长效-outlook-API取件-Graph令牌号和OAuth2
plus123:8iro0z,全新微软邮箱，已注册好ChatGPT（不含plus）
plus123:c4qvtu,谷歌一年以上 2FA 谷歌账号Gmail邮箱购买 (部分有使用痕迹 谷歌云Gmail正常 )-缺货找客服补货！
plus123:20bma6,谷歌企业邮箱 混合域名 gmail （注册7天）业务自测 不售后
plus123:h3fp3s,微软邮箱长效-outlook  oauth2令牌 refresh_token号  imap pop3
plus123:pe5ecq,巴西 outlook 邮箱 CDK专用
plus123:g7qka2,微软长效-outlook-【双令牌号】-【英文随机+数字】Graph令牌号和OAuth2-IMAP-POP3
plus123:iplb6v,[全新] 超长效微软邮箱
plus123:6kcywq,全新微软 Outlook 邮箱 - 无售后
plus123:s8csvx,全新微软 Hotmail 邮箱（可注册 GPT） - 无售后
plus123:cp1nym,[普号]微软邮箱
plus123:9d2dxt,出海网络配置
plus123:pxmzlu,谷歌邮箱注册教程（含outlook及Proton）
plus123:atlpx1,闲鱼助手自动采集上品下品降价   测试卡
plus123:pbu6g9,闲鱼助手自动采集上品下品降价   天卡
plus123:q101k8,闲鱼助手自动采集上品下品降价   月卡
plus123:jbxtci,腾讯视频   超级影视 年卡
plus123:3wej0c,腾讯视频   超级影视 季卡
plus123:bh2v70,腾讯视频   超级影视 月卡
plus123:kssrmj,腾讯视频   超级影视 周卡
plus123:3cvjx2,腾讯视频   VIP 年卡
plus123:hbnxet,腾讯视频   VIP 季卡
plus123:uf1pr8,腾讯视频   VIP 月卡
plus123:hy9c4s,腾讯视频   VIP 周卡
plus123:1fc8fh,哔哩哔哩 电视大会员 年卡
plus123:dxl62h,哔哩哔哩 电视大会员 月卡
plus123:b0m2m8,哔哩哔哩 大会员 年卡
plus123:2pe71s,哔哩哔哩 大会员 季卡
plus123:qfyqmv,哔哩哔哩 大会员 月卡
plus123:w1kb9t,芒果TV 全屏会员 年卡
plus123:w1bnro,芒果TV 全屏会员 季卡
plus123:gd0rhk,芒果TV 全屏会员 月卡
plus123:kj2fgc,芒果TV 全屏会员 周卡
plus123:1xwrf7,芒果TV 视频VIP 年卡
plus123:4eyoun,芒果TV 视频VIP 季卡
plus123:w5ztq9,美团外卖通用红包30元
plus123:qdc5e5,美团外卖通用红包20元
plus123:xmxwnc,美团外卖通用红包10元
plus123:5menb1,美团外卖通用红包5元
plus123:g8x4f9,网易云音乐 黑胶VIP 年卡
plus123:5xbprc,网易云音乐 黑胶VIP 季卡
plus123:ap3n45,网易云音乐 黑胶VIP 月卡
plus123:mhm03f,网易云音乐 黑胶VIP 周卡
plus123:915lr4,剪映   SVIP会员 年卡
plus123:9u2sob,剪映   SVIP会员 月卡
plus123:eb6rbd,剪映   SVIP会员 周卡
plus123:b1376k,剪映   VIP会员 年卡
plus123:aywsso,剪映   VIP会员 月卡
plus123:ow7d25,剪映   VIP会员 周卡
plus123:2ldmao,醒图VIP 年卡
plus123:7l9ji2,醒图VIP 月卡
plus123:wadznk,醒图VIP 周卡
plus123:tggfnz,咪咕视频 足球通会员 月卡
plus123:pp4f0s,咪咕视频 钻石会员 年卡
plus123:6wh4xy,咪咕视频 钻石会员 季卡
plus123:zkvmnl,咪咕视频 钻石会员 月卡
plus123:dk30js,搜狐视频 SVIP会员 年卡
plus123:kjgjr2,搜狐视频 SVIP会员 季卡
plus123:dvfi6f,搜狐视频 SVIP会员 月卡
plus123:l5ia61,搜狐视频 VIP会员 年卡
plus123:datai6,搜狐视频 VIP会员 季卡
plus123:b5rstk,搜狐视频 VIP会员 月卡
plus123:zkql40,华为视频 全屏少儿会员 年卡
plus123:iubphu,华为视频 全屏少儿会员 季卡
plus123:adq8n5,华为视频 全屏少儿会员 月卡
plus123:s4u6t1,华为视频 全屏少儿会员 周卡
plus123:c8q9w9,华为视频 全屏少儿会员 3天
plus123:jm8p3h,华为视频 全屏少儿会员 1天
plus123:6u8bbs,华为视频 少儿会员 年卡
plus123:wff0ct,华为视频 少儿会员 季卡
plus123:urg0jw,华为视频 少儿会员 月卡
plus123:oiqc69,华为视频 少儿会员 周卡
plus123:ccubgt,华为视频 少儿会员 3天
plus123:6x9r7j,华为视频 少儿会员 1天
plus123:a7askx,华为视频 影视会员 年卡
plus123:uob5qf,华为视频 影视会员 季卡
plus123:vcvpf2,华为视频 影视会员 月卡
plus123:2grxbb,华为视频 影视会员 周卡
plus123:i3dhe2,华为视频 影视会员 3天
plus123:tif9xz,华为视频 影视会员 1天
plus123:jp5lv4,埋堆堆视频会员 年卡
plus123:zv658p,埋堆堆视频会员 季卡
plus123:p12ldz,埋堆堆视频会员 月卡
plus123:r9ws4f,埋堆堆视频会员 周卡
plus123:ocijx7,酷狗音乐 超级会员 年卡
plus123:dwx8sd,酷狗音乐 超级会员 季卡
plus123:i724n2,酷狗音乐 超级会员 月卡
plus123:rk0jb4,酷狗音乐 豪华VIP 年卡
plus123:avg9li,酷狗音乐 豪华VIP 季卡
plus123:ubn6k9,酷狗音乐 豪华VIP 月卡
plus123:odhkix,酷狗音乐 豪华VIP 周卡
plus123:dcf627,喜马拉雅 VIP会员 年卡
plus123:ex3vbs,喜马拉雅 VIP会员 季卡
plus123:o0djwp,喜马拉雅 VIP会员 月卡
plus123:aqnvz0,喜马拉雅 VIP会员 周卡
plus123:m6a2xg,古茗单品券 古茗杨枝甘露轻盈版(大)
plus123:8hobdo,古茗单品券 古茗布蕾脆脆奶芙(中)
plus123:71v29s,古茗单品券 黑糖珍珠牛乳（中）
plus123:tneqzs,古茗单品券 云岭茉莉白（中）
plus123:m37p7p,茶百道代金券30元
plus123:mesaof,茶百道代金券10元
plus123:42uwtv,霸王茶姬代金券100元
plus123:dr2zqz,霸王茶姬代金券60元
plus123:nwvhqy,霸王茶姬代金券30元
plus123:q4v3rd,霸王茶姬代金券20元
plus123:i9yw8r,霸王茶姬代金券18元
plus123:at7s01,霸王茶姬代金券16元
plus123:14tbtr,霸王茶姬代金券10元
plus123:w1ufl8,QQ黄钻年卡
plus123:iver2i,QQ黄钻季卡
plus123:3s8btj,QQ黄钻月卡
plus123:81s9np,百度文库会员 年卡
plus123:dh938q,百度文库会员 季卡
plus123:4ucncv,百度文库会员 月卡
plus123:o2azo6,咪咕阅读畅享会员 年卡
plus123:kj8pht,咪咕阅读畅享会员 季卡
plus123:3kfglj,咪咕阅读畅享会员 月卡
plus123:xtfwwo,夸克网盘 超级会员 年卡
plus123:dl24rm,夸克网盘 超级会员 季卡
plus123:g7a9kq,夸克网盘 超级会员 月卡
plus123:gnf4bv,夸克网盘 超级会员 周卡
plus123:fmsj8r,美团团购代金券100元
plus123:ktu78k,美团团购代金券50元
plus123:h050ul,美团团购代金券20元
plus123:zk10u0,美团团购代金券10元
plus123:7gb5rp,美团团购代金券5元
plus123:nqbb3x,美团外卖神券包100元【5元*20张*单月】
plus123:2w2lkc,美团外卖神券包60元【5元*12张*单月】
plus123:x3m9ml,美团外卖神券包30元【5元*6张*单月】
plus123:ougsyv,美团单车 季卡【单次骑行前1小时免费】
plus123:n90uuq,美团单车 月卡【日限两次】
plus123:leobr4,美团单车 周卡【单次骑行前1小时免费】
plus123:j9c0qd,青桔单车 季卡【不限次数】
plus123:gmmotq,青桔单车 月卡【不限次数】
plus123:614jra,青桔单车 30天30次卡
plus123:wp7wfc,青桔电单车 90天季卡（限4次/天）
plus123:uqzygu,青桔电单车 60天卡（限4次/天）
plus123:j37ews,青桔电单车 30天月卡（限4次/天）
plus123:vh41g2,青桔电单车 15天15次卡
plus123:r69599,青桔电单车 7天6次卡
plus123:h5iqud,高德出行打车券20元
plus123:ez8owe,滴滴出行快车券20元
plus123:2amxnw,滴滴出行快车券10元
plus123:l7z8vu,QQ音乐   豪华绿钻 年卡
plus123:b059p5,QQ音乐   豪华绿钻 半年卡
plus123:13vnvr,腾讯视频 超级影视 年卡（QQ号充值）
plus123:99cdnn,腾讯视频 超级影视 季卡（QQ号充值）
plus123:iqoriw,腾讯视频 超级影视 月卡（QQ号充值）
plus123:7iebxp,腾讯视频 超级影视 周卡（QQ号充值）
plus123:67661j,腾讯视频 VIP 年卡（QQ号充值）
plus123:wj1ai3,腾讯视频 VIP 季卡（QQ号充值）
plus123:pmpedc,百度网盘 超级会员 年卡
plus123:le7j2c,百度网盘 超级会员 季卡
plus123:g3jr3a,百度网盘 超级会员 月卡
plus123:zddcyx,百度网盘 超级会员 周卡
WPXSCE1B:9b6t1d,【Free号】 GPT/Codex  高质量|已绑手机|RT|微软邮箱|动态家宽注册|可邮箱接码
PAXOVOVJ:8rrgk4,【质保3天】iCloud邮箱gptplus会员月卡质保3天纯手搓
PAXOVOVJ:ccfrga,gpt成品号
PAXOVOVJ:sc5mc8,chatgpt成品号-高权重谷歌邮箱开通-未接码-印度UPI【新产】
PAXOVOVJ:m3m2vb,【Free号】 GPT/Codex  高质量|已绑手机|RT|微软邮箱|动态家宽注册|可邮箱接码
PAXOVOVJ:kjr5yq,gmail 邮箱 Free 已开通2fa; 百分百0元优惠，开plus专用
PAXOVOVJ:sax2bc,hotmail邮箱
PAXOVOVJ:1cc1qs,【7月21 -9点新货】7D team，80-120刀额度，速刷号无任何质保
PAXOVOVJ:7tnncs,Codex 60天-120天无限接码（质保最少绑定一个账号)
PAXOVOVJ:aomz5r,5个邮箱GPT注册专用谷歌Gmai邮箱母号api可裂变!
PAXOVOVJ:w6lhee,GPT注册专用谷歌Gmai邮箱母号api可裂变!
PAXOVOVJ:zjka0g,GPT Free-账密 RT-长效outlook-适合各类业务(可网页反代，除Codex)
PAXOVOVJ:sez2t0,纯手搓Kiro Pro 1000额度，客户反馈质量稳定、可靠，服务到位～～～
PAXOVOVJ:5rauok,GPT Free-账密 AT-长效outlook-适合各类业务
PAXOVOVJ:e64twr,提取12个月优惠链接 一次 gemin pro（不会用别买不退不换，小白别买）
PAXOVOVJ:sv3pq9,VISA 0刀虚拟卡 485954(KIRO GPT PAYPAL用不了拍错不退） 有效期两小时
PAXOVOVJ:k5c0j8,free成品号，已接码，带rt
PAXOVOVJ:yq2hqp,网页版质保一个月
PAXOVOVJ:p6pvd8,iCloud邮箱子号（非分裂邮箱）
PAXOVOVJ:wunlhj,全新微软邮箱Outlook网页号 未触发7天
PAXOVOVJ:5ozbbc,outlook邮箱
PAXOVOVJ:dz5e6p,bug的team，一个250刀。尽量用cpa跑，sub2调度有问题，下订单前看清楚
PAXOVOVJ:dc9ekv,GTP GO三个月成品号，全网最稳的号源，质保14天
PAXOVOVJ:j45v6h,#完美 周限free(注意是7天刷新一次额度的)1个 已接码，家宽注册，有RT，发json
PAXOVOVJ:60j4nx,【双接码微软】free（90％可开plus）
PAXOVOVJ:pt6s8z,Outlook.jp-长效-OA2令牌【日本-已开通pop/imap】
PAXOVOVJ:qh6yc8,长效outlook邮箱 OAuth2令牌号【未触发7天】 支持imap pop
cao:tb4sh1,OpenAI / ChatGPT 接码｜gpt美卡接码（有效期25-30天） 1211
cao:e9ls5t,ChatGPT 普号｜GPT Free-账密 AT-长效outlook-适合各类业务 1112
youzhi:w78eth,ChatPLUS成品号-质保1天-未接码-谷歌邮箱
youzhi:b9wb9m,ChatPLUS成品号-质保首登-未接码-iCloud/谷歌邮箱随机发-带2FA认证-非日抛-稳定性可靠
youzhi:odjuig,Cursor Free Auto 白号
youzhi:naebar,谷歌邮箱【注册gpt专用】
youzhi:6id0m8,gmail 邮箱 Free 已开通2fa; 百分百0元优惠，gpt专用
youzhi:eqavwi,微软子邮箱-outlook OAuth2令牌号【收件专用，买前请看商品介绍】
youzhi:yycx30,Kiro Pro 1000积分账号（随机超额）
youzhi:qtjlc8,GPT PLUS 镜像站(天卡)
youzhi:g42mf4,【人工发货】TG Premium会员 3个月
youzhi:ifgwgu,美国大学教育邮箱Edu Mail【质保7天】
youzhi:bvko2s,【Adobe】 Firefly 普号   固定10积分
youzhi:m5elsb,VISA 0刀虚拟卡 485954(KIRO GPT PAYPAL用不了拍错不退） 有效期两小时
youzhi:do5alv,谷歌gmail邮箱   随机  2-4年邮箱  包gcp
youzhi:ptzp8t,gpt free 手机已接码，cpa格式发货，可反代codex
youzhi:nl3p0q,印度UPI / 巴西 PIX 提链专用卡密 · 共 10 次
youzhi:qqxec6,【长期稳定】iCloud 高质量邮箱｜可回信可收信｜ (质保15天) [可注册GPT] 支持 API/网站
youzhi:iir821,【长期稳定】 iCloud 邮箱子号｜可回信可收信｜ (质保15天) 非分裂邮箱
youzhi:o6lcu6,codex-接码-全球
youzhi:k1tvau,提取12个月优惠链接 一次 gemin pro（不会用别买不退不换，小白别买）
youzhi:ny70p4,windsurf/Devin 70 刀
youzhi:d007mo,Google AI Ultra 20x【质保订阅】支持Antigravity反重力｜家庭组邀请版
youzhi:4l30uf,Google AI Ultra 5x【质保订阅】支持Antigravity反重力｜【家庭组车位】月权益
youzhi:278tvb,百度网盘 超级会员 周卡
youzhi:atqkvu,百度网盘 超级会员 月卡
youzhi:yzidam,百度网盘 超级会员 季卡
youzhi:tbb5z6,百度网盘 超级会员 年卡
youzhi:r3eb0g,腾讯视频 VIP 季卡（QQ号充值）
youzhi:agqs9g,腾讯视频 VIP 年卡（QQ号充值）
youzhi:1bg819,腾讯视频 超级影视 周卡（QQ号充值）
youzhi:ivj5oe,腾讯视频 超级影视 月卡（QQ号充值）
youzhi:g64spm,腾讯视频 超级影视 季卡（QQ号充值）
youzhi:mqvf9i,腾讯视频 超级影视 年卡（QQ号充值）
youzhi:6old3k,QQ音乐   豪华绿钻 半年卡
youzhi:12tamk,QQ音乐   豪华绿钻 年卡
youzhi:vi4imk,滴滴出行快车券10元
youzhi:r7e9mk,滴滴出行快车券20元
youzhi:8dtnb7,高德出行打车券20元
youzhi:5khhgt,青桔电单车 7天6次卡
youzhi:j98pyb,青桔电单车 15天15次卡
youzhi:7ei1az,青桔电单车 30天月卡（限4次/天）
youzhi:lwuq7y,青桔电单车 60天卡（限4次/天）
youzhi:cgwo7u,青桔电单车 90天季卡（限4次/天）
youzhi:krv5jp,青桔单车 30天30次卡
youzhi:xsb1rc,青桔单车 月卡【不限次数】
youzhi:z2lyvm,青桔单车 季卡【不限次数】
youzhi:k4c763,美团单车 周卡【单次骑行前1小时免费】
youzhi:ulg1jz,美团单车 月卡【日限两次】
youzhi:3yui84,美团单车 季卡【单次骑行前1小时免费】
youzhi:usaq2z,美团外卖神券包30元【5元*6张*单月】
youzhi:42ku0x,美团外卖神券包60元【5元*12张*单月】
youzhi:b5ke5u,美团外卖神券包100元【5元*20张*单月】
youzhi:j2ses2,美团团购代金券5元
youzhi:qa65qb,美团团购代金券10元
youzhi:sx46cl,美团团购代金券20元
youzhi:rjif63,美团团购代金券50元
youzhi:jyemjv,美团团购代金券100元
youzhi:odlw5l,夸克网盘 超级会员 周卡
youzhi:nmlllm,夸克网盘 超级会员 月卡
youzhi:gqnnae,夸克网盘 超级会员 季卡
youzhi:ku4btc,夸克网盘 超级会员 年卡
youzhi:c0iany,咪咕阅读畅享会员 月卡
youzhi:c2nfwr,咪咕阅读畅享会员 季卡
youzhi:hzfmgh,咪咕阅读畅享会员 年卡
youzhi:btj9zp,百度文库会员 月卡
youzhi:brcjgz,百度文库会员 季卡
youzhi:ha49oo,百度文库会员 年卡
youzhi:tfabgj,QQ黄钻月卡
youzhi:opweeq,QQ黄钻季卡
youzhi:5aegyk,QQ黄钻年卡
youzhi:h1un62,霸王茶姬代金券10元
youzhi:ogai9o,霸王茶姬代金券16元
youzhi:z8ytiu,霸王茶姬代金券18元
youzhi:qomvx3,霸王茶姬代金券20元
youzhi:rmuvk2,霸王茶姬代金券30元
youzhi:wls2qv,霸王茶姬代金券60元
youzhi:t9dwri,霸王茶姬代金券100元
youzhi:ddvt0b,茶百道代金券10元
youzhi:4kae10,茶百道代金券30元
youzhi:as7t1f,古茗单品券 云岭茉莉白（中）
youzhi:c39jbr,古茗单品券 黑糖珍珠牛乳（中）
youzhi:8uvnog,古茗单品券 古茗布蕾脆脆奶芙(中)
youzhi:2kic5x,古茗单品券 古茗杨枝甘露轻盈版(大)
youzhi:u78wmf,喜马拉雅 VIP会员 周卡
youzhi:v3lnvw,喜马拉雅 VIP会员 月卡
youzhi:8tvdjz,喜马拉雅 VIP会员 季卡
youzhi:ab7bw1,喜马拉雅 VIP会员 年卡
youzhi:tnqeyh,酷狗音乐 豪华VIP 周卡
youzhi:e0f4ut,酷狗音乐 豪华VIP 月卡
youzhi:gs97dy,酷狗音乐 豪华VIP 季卡
youzhi:rdpbz8,酷狗音乐 豪华VIP 年卡
youzhi:okcvqj,酷狗音乐 超级会员 月卡
youzhi:isjele,酷狗音乐 超级会员 季卡
youzhi:af6t3l,酷狗音乐 超级会员 年卡
youzhi:xfex27,埋堆堆视频会员 周卡
youzhi:7t6raw,埋堆堆视频会员 月卡
youzhi:60mvme,埋堆堆视频会员 季卡
youzhi:m63xfb,埋堆堆视频会员 年卡
youzhi:y999p7,华为视频 影视会员 1天
youzhi:h8xvqn,华为视频 影视会员 3天
youzhi:ydazjy,华为视频 影视会员 周卡
youzhi:hm5px6,华为视频 影视会员 月卡
youzhi:aiby6d,华为视频 影视会员 季卡
youzhi:wa8z3v,华为视频 影视会员 年卡
youzhi:22pu86,华为视频 少儿会员 1天
youzhi:22sff4,华为视频 少儿会员 3天
youzhi:yug140,华为视频 少儿会员 周卡
youzhi:v305jd,华为视频 少儿会员 月卡
youzhi:ne4tjs,华为视频 少儿会员 季卡
youzhi:jqv7ah,华为视频 少儿会员 年卡
youzhi:webjqc,华为视频 全屏少儿会员 1天
youzhi:1yflpr,华为视频 全屏少儿会员 3天
youzhi:z8rutf,华为视频 全屏少儿会员 周卡
youzhi:nkrzwg,华为视频 全屏少儿会员 月卡
youzhi:nh4hih,华为视频 全屏少儿会员 季卡
youzhi:7u9hl6,华为视频 全屏少儿会员 年卡
youzhi:8uewkf,搜狐视频 VIP会员 月卡
youzhi:zr4f8u,搜狐视频 VIP会员 季卡
youzhi:y5afnr,搜狐视频 VIP会员 年卡
youzhi:ln71mt,搜狐视频 SVIP会员 月卡
youzhi:zkbimx,搜狐视频 SVIP会员 季卡
youzhi:avkq23,搜狐视频 SVIP会员 年卡
youzhi:oufu07,咪咕视频 钻石会员 月卡
youzhi:lfa7pd,咪咕视频 钻石会员 季卡
youzhi:fdobhs,咪咕视频 钻石会员 年卡
youzhi:9jh915,咪咕视频 足球通会员 月卡
youzhi:ploz2h,醒图VIP 周卡
youzhi:3x5fuj,醒图VIP 月卡
youzhi:363br1,醒图VIP 年卡
youzhi:xsayud,剪映   VIP会员 周卡
youzhi:sqsrcb,剪映   VIP会员 月卡
youzhi:aaowyp,剪映   VIP会员 年卡
youzhi:rxqlof,剪映   SVIP会员 周卡
youzhi:3az6fl,剪映   SVIP会员 月卡
youzhi:dnfk7k,剪映   SVIP会员 年卡
youzhi:jye4y5,网易云音乐 黑胶VIP 周卡
youzhi:audlir,网易云音乐 黑胶VIP 月卡
youzhi:lqlfah,网易云音乐 黑胶VIP 季卡
youzhi:21hdnl,网易云音乐 黑胶VIP 年卡
youzhi:t5xy95,美团外卖通用红包5元
youzhi:i94ylj,美团外卖通用红包10元
youzhi:ejt4of,美团外卖通用红包20元
youzhi:i7eyn2,美团外卖通用红包30元
youzhi:8x32ox,芒果TV 视频VIP 季卡
youzhi:mm02p4,芒果TV 视频VIP 年卡
youzhi:a4btnt,芒果TV 全屏会员 周卡
youzhi:udhnmu,芒果TV 全屏会员 月卡
youzhi:tq7wyv,芒果TV 全屏会员 季卡
youzhi:ibieuu,芒果TV 全屏会员 年卡
youzhi:hz9mst,哔哩哔哩 大会员 月卡
youzhi:c0k1d3,哔哩哔哩 大会员 季卡
youzhi:mdy6fp,哔哩哔哩 大会员 年卡
youzhi:1goe8s,哔哩哔哩 电视大会员 月卡
youzhi:j93o29,哔哩哔哩 电视大会员 年卡
youzhi:d0lc0f,腾讯视频   VIP 周卡
youzhi:mp3v33,腾讯视频   VIP 月卡
youzhi:5g8c5m,腾讯视频   VIP 季卡
youzhi:e9j8ba,腾讯视频   VIP 年卡
youzhi:f1xx5s,腾讯视频   超级影视 周卡
youzhi:1w6vvh,腾讯视频   超级影视 月卡
youzhi:9vbskv,腾讯视频   超级影视 季卡
youzhi:mejn5v,腾讯视频   超级影视 年卡
3GM9S065:gsu9xp,Chatgpt普通账号
3GM9S065:7xhwe3,Codex🇺🇸手机接码验证（秒接 接不到退款 五天可接三次）
3GM9S065:79phag,20-24GMAIL邮箱/2FA/随机地区(看教程还不会使用的别拍)
3GM9S065:lq4kuz,20-24GMAIL   US(看教程还不会使用的别拍)
3GM9S065:kzxme5,20-24GMAIL邮箱/2FA(特价号，无任何售后)
3GM9S065:vwchvt,ChatGPT 充值码，对应8美元一个月的Go订阅
3GM9S065:mht225,ChatGPT月卡成品号 - icloud全新技术 - 高稳定版本
3GM9S065:40021p,💌AI入门💌FlowAPI 10 美金
3GM9S065:lq0stf,【日本PP】邮箱Plus5.5账号可用质保首次登录
3GM9S065:seekoh,【需要自己接码】plusl  带at，部分反代直接可用，网页端正常！！
3GM9S065:4vyqk4,💌试用款💌FlowAPI 2 美金(限兑换一张)
3GM9S065:gcuc71,【子邮箱】iCloud 隐私邮箱 （开plus 绑定专用） 不会用不要下
3GM9S065:87eh4c,Free号 GPT/Codex 高质量 | 已绑手机 | 有RT | 微软邮箱 | 动态家宽注册 | 可邮箱接码
3GM9S065:wq7mdc,💌【试用款】小蓝 API 15刀额度 日卡(每天限兑换一张)
3GM9S065:xjknc3,iCloud 邮箱｜稳定收发｜无售后
3GM9S065:r7b4wv,GPT free   cpa 反代[已经验证手机号]hotmail邮箱
3GM9S065:17jfmm,低倍满血中转站试用1刀额度卡密 PLUS号池低至0.13倍率 pro低至0.25倍率
3GM9S065:2pskkx,【Free号】 GPT/Codex  高质量|已绑手机|RT|微软邮箱|动态家宽注册|可邮箱接码
3GM9S065:qltcos,free成品号，已接码，带rt
3GM9S065:9c0wla,低倍满血中转站5刀卡密 PLUS号池低至0.13倍率 pro低至0.25倍率
3GM9S065:lrwocp,低倍满血中转站10刀卡密 PLUS号池低至0.13倍率 pro低至0.25倍率
3GM9S065:6ipoml,hotmail-令牌长效(已授权oauth2，IMAP GRAPH)
3GM9S065:rmmxvl,hotmail 长效邮箱 通用号
3GM9S065:bf6k35,Google 谷歌邮箱【高质量 】美区 2020--2024年 老邮箱
3GM9S065:kwavsb,Google 谷歌邮箱【老号】
3GM9S065:c04vu5,精品稳定个人谷歌Gmail邮箱老号  至少两年以上，2FA/带手机链接 随机地区美区居多
3GM9S065:whloz5,Mail 邮箱定制化 AI 邮箱
3GM9S065:hn9lng,100刀API额度(余额不过期)
3GM9S065:mekcun,100刀额度
3GM9S065:sc6h23,90刀API额度(余额不过期)
3GM9S065:ibzkpl,80刀API额度(余额不过期)
3GM9S065:ad5wha,70刀API额度(余额不过期)
3GM9S065:uafa6y,60刀API额度(余额不过期)
3GM9S065:stf1at,50刀中转券，倍率低至 0.01
3GM9S065:umq5yp,50刀API额度(余额不过期)
3GM9S065:j8sjn4,40刀API额度(余额不过期)
3GM9S065:l7zcyn,30刀API额度(余额不过期)
3GM9S065:gq68oo,20刀API额度(余额不过期)
3GM9S065:zt03il,【香港ID】【无密保/API/可下APP】
3GM9S065:gh9yhu,10刀中转券，倍率低至 0.01
3GM9S065:u8qc6z,10刀API额度(余额不过期)
3GM9S065:5w6dlk,【总共10刀】永久额度-可选号池-实惠稳定
3GM9S065:hpnskg,反重力antigravity  24小时自助代过 CDK激活（扫码接码激活代过）
3GM9S065:e0m27v,剪映(海外版)30-35天会员
3GM9S065:p1sqqv,【总共5刀】永久额度-可选号池-实惠稳定
3GM9S065:rhp5qh,🟨ChatGPT账号普号-GPT账号已绑微软邮箱——质保首登🟡自动发货
3GM9S065:852siu,Google/Gmail/YouTube 接码 巴西【单次接码】 业务自测  ！！！
3GM9S065:5cxquv,Google/Gmail/YouTube 接码 哥伦比亚【单次接码】 业务自测  ！！！
3GM9S065:6fz8s1,Google/Gmail/YouTube 接码 智利【单次接码】 业务自测  ！！！
3GM9S065:iunuiy,1刀中转券，倍率低至 0.01
3GM9S065:zdm41y,Outlook 邮箱长效｜3个月令牌｜稳定收发｜不要改密码｜无售后
3GM9S065:1981sv,长效微软邮箱 /已解锁 /outlook /支持pop3/imap/graph 取件 /可绑自己辅助邮箱
3GM9S065:aq84hy,GPT Free 成品号全格式｜已接码｜可刷新 RT｜支持 sub / cpa  / JSON
3GM9S065:vf8z67,Cursor Free Auto 白号
3GM9S065:4k74c0,plus20刀不限时，看好说明再购买
3GM9S065:swarlw,接中转号池制作业务【详情咨询】
3GM9S065:uygxkd,2000刀 0.03xplus源头中转
3GM9S065:c5jr3n,500刀 0.03xplus源头中转
3GM9S065:2r2tfg,一键开天门（永久5开）卡密【安卓苹果互通】
3GM9S065:xepg75,季会员（星辰之恋）
3GM9S065:nqiywj,英国原装 GG 电子卡 (eSIM)（高净值账号专用 / 零月租）
3GM9S065:jabexq,星星云手机 月卡
3GM9S065:rzsg2b,一键首富（永久卡5开）卡密【安卓苹果互通】
3GM9S065:wsp2q5,iOS MAX 永久5开
3GM9S065:uyhu6u,一键开天门【月卡10开】
3GM9S065:9xq5gr,一键开天门（30天10开）卡密【安卓苹果互通】
3GM9S065:hre8gr,正规渠道一个月支持个人账号
3GM9S065:8djvq4,100刀 0.03xplus源头中转
3GM9S065:jlsiqk,月会员（星辰之恋）
3GM9S065:zltr9g,iOS MAX 永久单开
3GM9S065:pjmyhp,【不限时长余额】【50元】
3GM9S065:t5d0cf,服务项目10：美区谷歌老账号-下单后直接找客服拿货！缺货找客服补货！
3GM9S065:y0ztk3,服务项目9：长期谷歌老账号-下单后直接找客服拿货！缺货找客服补货！
3GM9S065:ulus6f,周会员（星辰之恋）
3GM9S065:cj56s6,iOS MAX 月卡
3GM9S065:2vfzc2,iOS MAX 周卡
3GM9S065:ozfhtf,iOS MAX 天卡
3GM9S065:ai4pkg,漫想+ 画布 100元兑换码
3GM9S065:kt8qwj,苹果礼品卡iTunes Gift Card-500里拉
3GM9S065:f1buat,Ai大模型API对接充值兑换码-1000$
3GM9S065:8qi6mk,苹果月卡(5开)
3GM9S065:tb4es9,一键开天门（永久卡）卡密【安卓苹果互通】
3GM9S065:k56ko2,一键首富（永久卡）卡密【安卓苹果互通】
3GM9S065:ia5r9q,一键首富（30天10开）卡密【安卓苹果互通】
3GM9S065:hy78av,【不限时长余额】【100元】
3GM9S065:v0004q,服务项目25:电脑端SVIP账号一年
3GM9S065:iftxft,脸书双绑-满六个月-手机和邮箱双验证
3GM9S065:91iqdv,一键开天门【月卡5开】
3GM9S065:ajhdqt,一键开天门（30天5开）卡密【安卓苹果互通】
3GM9S065:bvafmy,星星云kvip月卡
3GM9S065:t3qba3,星星云激活码月卡
3GM9S065:w17v4f,TikTok苹果端使用不了解决方法
3GM9S065:wcn60l,TikTok安卓端使用不了解决方法
3GM9S065:wjt3oz,Ai大模型API对接充值兑换码-500$
3GM9S065:disoqp,X（Twitter） Premium会员直充卡密
3GM9S065:gojb4p,X（Twitter） Premium会员直充卡密
3GM9S065:gfkqm6,漫想+ 画布 50元兑换码
3GM9S065:22f92n,咕噜咕AI-专业会员-5000积分
3GM9S065:hf1cul,一键首富（30天5开）卡密【安卓苹果互通】
3GM9S065:t38flu,月卡
3GM9S065:5somfq,推特-解敏邮箱新号-2fa(推荐)
3GM9S065:mcyl4x,gpt codex接码
3GM9S065:7bib00,codex接🐎 美区成功率99.99接码
3GM9S065:805896,iCloud邮箱母号
3GM9S065:cx0rrb,云梦AI官方密钥 - 优选创作包 (32万积分) | 4K极清 | 自动发货
3GM9S065:giv20r,Gemini三个月激活链接（最稳渠道）
3GM9S065:16cluv,Team 带rt质保首登，sub2格式json
3GM9S065:9vqdy9,gpt PROx5官网充值（升级人工充值）
3GM9S065:ftbz9j,纯手搓Kiro Pro 1000额度，客户反馈质量稳定、可靠，服务到位～～～
3GM9S065:ptfmst,[自营]GPT IMAGE2生图5500积分套餐
3GM9S065:ool9w2,GPT Free-账密 AT-长效outlook-适合各类业务
3GM9S065:owecco,脸书邮箱新号-2FA[手工注册]
3GM9S065:6tzzzp,instagram 新号-邮箱注册-已开通2FA[推荐]
3GM9S065:uog85r,咕噜咕AI-标准会员-1000积分
3GM9S065:qas1z9,pro权限开通卡！看好说明再买
3GM9S065:9e7tdp,GPT Free-账密 RT-长效outlook-适合各类业务(可网页反代，除Codex)
3GM9S065:x8z14r,Instagram 2025年3月老号-邮箱绑定支持Cookie登录-已开启2FA
3GM9S065:xsblen,Facebook 账号
3GM9S065:1kabn7,夸克网盘助手年卡
3GM9S065:9epdrd,夸克网盘助手季卡
3GM9S065:ssn5zz,夸克网盘助手月卡
3GM9S065:stlqha,Instagram 账号
3GM9S065:ecs0f8,推特新号-带2fa-outlook注册(推荐)
3GM9S065:9ge3o2,X-Twitter自助卡密
3GM9S065:i44ywf,youtube老油管频道-已开通高级功能
3GM9S065:uqehzs,gmail账号-2022-有youtube油管
3GM9S065:k58dyn,gmail账号-三个月以上-有youtube油管
3GM9S065:2guf8k,推特邮箱新号-满月(2fa)
3GM9S065:68fdft,instagram-满月-已开通2FA
3GM9S065:6nlulx,脸书双绑-满月-手机和邮箱双验证
3GM9S065:r306bh,TikTok 账号
3GM9S065:xko4a6,capcut pro 十二个月
3GM9S065:4vi2y6,capcut pro 六个月
3GM9S065:th9iff,全球各地区TikTok千粉账号（满月白号）
3GM9S065:ui2e9h,全地区TikTok满年账号（满年白号）
3GM9S065:9rmjyc,服务项目2：谷歌账号配置
3GM9S065:t23jyi,HCAI Api 100刀直充
3GM9S065:y24q85,100刀余额
3GM9S065:d3ivc9,tiktok海外版抖音-白号-随机IP
3GM9S065:7nmlr3,largechestnut-额度20
3GM9S065:4vkl6w,全地区TikTok满月账号（满月白号）
3GM9S065:zz72tk,HCAI Api 50刀直充
3GM9S065:y42etn,额度补给｜¥50 = $50 额度
3GM9S065:hdp8ln,AI来了 100刀不限时
3GM9S065:z2norz,largechestnut-额度10
3GM9S065:dtr3sh,AI来了 100刀一日卡
3GM9S065:4xdimq,打卡额度（30点）
3GM9S065:kg4xsa,[自营]GPT IMAGE2生图500积分套餐
3GM9S065:q2tfyo,largechestnut-额度5
3GM9S065:y0ty7h,额度补给｜¥100 = $100 额度
3GM9S065:3q3gh4,ChatGPT Go 正规充值 秒冲
3GM9S065:2n9ep1,【直登普号】 Codex专用RT&amp;gt; Codex手机已验证 ✅ (不包二验)   长效微软邮箱
3GM9S065:f2egl2,Cursor 美国接码 - 最多可绑3个账号
3GM9S065:cm41ty,群友福利包GCP-google邮箱 高质量【稳定老号】【20-24年Gmail】可做Pixel 家庭组 挖矿
3GM9S065:7v7qar,🟨【个人谷歌邮箱Gmail】原生IP注册3-12个月以上【全新】质保首登🟡自动发货
3GM9S065:ov0wim,🟨【混区个人谷歌邮箱Gmail】-原生IP注册3天以上全新白号【可长期用】-【带2fa登录】🟡自动发货
3GM9S065:o8uni6,谷歌邮箱 人机号需要接码
3GM9S065:3ent7s,1300额度——独享账号代升级 可以跑4.6max fast，无模型限制  30天
3GM9S065:dyzt7g,10刀 0.03xplus源头中转
3GM9S065:enjosh,50刀充值兑换码-仅gpt
3GM9S065:z4g6oj,10刀充值兑换码 仅gpt
3GM9S065:2b39gm,生图专用（image2，gemini模型）
3GM9S065:uhvenx,低价AI中转站20刀通用额度
3GM9S065:jp5fwu,Codex|ChatGPT|US实体卡接码 活5天
3GM9S065:8ihlfm,长效outlook邮箱 OAuth2令牌号【未触发7天】 支持imap pop
3GM9S065:118gct,HCAI Api 10刀直充
3GM9S065:6d3ozh,美国雅虎YAHOO.COM邮箱（网页版）
3GM9S065:19a8tn,20x Pro 质保首次登录
3GM9S065:rik50s,AI漫剧PRO codex包月服务 支持codex出图，远程安装， 每天40刀额度 图片生成0.08
3GM9S065:578hs6,gpt-img-2 4k 5w分
3GM9S065:awxda5,ChatGPT土区自助卡  密尊享保障版（含封号包赔
3GM9S065:qlhnmn,auto-code 月卡-每天300刀额度
3GM9S065:zveb8v,全新微软hotmail长效邮箱（带api取件地址）
3GM9S065:va8pty,1000刀不限时  api站  官方倍率
3GM9S065:23h47w,auto-code 月卡每天90刀额度
3GM9S065:hzzma0,Ai大模型API对接充值兑换码-200$
3GM9S065:2cvsxb,auto-code 1000刀额度卡
3GM9S065:o51d1x,Ai大模型API对接充值兑换码-100$
3GM9S065:auwdg7,gpt/codex中转站【500美刀额度】
3GM9S065:ezgdfl,codex美国卡接码
3GM9S065:fkombd,6500额度—— 独享账号代升级 售出不退不换，速刷无质保  可以跑4.6max fast，无模型限制
3GM9S065:atnbff,Google 账号
3GM9S065:h2epih,全新Google Gemini年卡账号
3GM9S065:n2ii9x,【稳定老号】Google 普号｜美区老号
3GM9S065:qhi94l,gemini 三个月链接 批发有优惠
3GM9S065:8jh9jr,Gemini 三个月优惠链接
3GM9S065:azx6t6,2600额度——400刀独享账号代升级 可以跑4.6max fast，无模型限制  30天
3GM9S065:1rpuij,auto-code 月卡-每天30刀额度
3GM9S065:w3tk5c,auto-code 500刀额度卡
3GM9S065:lrbehh,700额度——独享账号代升级 可以跑4.6max fast，无模型限制  30天
3GM9S065:2idrzm,100刀充值兑换码-仅gpt
3GM9S065:ymvw54,api.aiutools.fun 站 10刀额度
3GM9S065:5llyc0,auto-code 周卡-每天30刀额度
3GM9S065:byomta,[成品号]🇺🇸美国+1 API链接 新号 热卖促销🔥
3GM9S065:g5tiyr,[成品号]哥伦比亚+57 API链接 满月 24H冻结包赔1次 炒鸡推荐🔥🔥
3GM9S065:t100pb,100刀余额兑换码(自助兑换)
3GM9S065:i0r56p,GPT-image2 50积分/日，30天共1500积分（月卡）
3GM9S065:khe9n2,每天2刀gpt兑换码（30天）
3GM9S065:dkqwpd,0刀卡（自测）
3GM9S065:41te5v,VISA 0 刀虚拟卡 485954(gpt 需要手法)无3ds介意别拍小时kiro别拍拍错不退什么都过不去
3GM9S065:4dptcm,美国雅虎（yahoo）邮箱 30天以上老号 业务自测 【pop】不能网页登入 看清楚！！
3GM9S065:m3j3rw,日本长效 CDK可用  outlook.jp 全新注册  业务自测   不售后 看清楚 在下单
3GM9S065:b2d0dk,德国长效 outlook.de  全新注册 业务自测 不售后 看清楚 在下单
3GM9S065:4m6u1f,【美区长效】outlook.com(老号）
3GM9S065:rawm5n,谷歌企业邮箱 混合域名 gmail （注册7天）业务自测 不售后
3GM9S065:hhg8a2,ChatGPT API | 中转 1100刀
3GM9S065:7fl2ma,Antigravity反重力pro成品号带rt（已过验证，可直接使用）
3GM9S065:3r6fe5,Windsurf 210刀 谷歌邮箱
3GM9S065:k6a1u8,Gemini成品号12个月，质保6小时首登（随机ip）
3GM9S065:t1zysx,提取12个月优惠链接 一次 gemin pro（不会用别买不退不换，小白别买）
3GM9S065:13ifhc,中转额度-1000刀-支持opus4.8
3GM9S065:arum2k,💌【特惠月卡】小蓝 API  30刀额度/天
3GM9S065:9n1fgc,ChatGPT free号 ｜含RT｜邮｜手｜双绑
3GM9S065:sgomh4,💌【至尊】小蓝 API 1000刀额度 不限时
3GM9S065:xxfvls,💌【王者】小蓝 API  500刀额度 不限时
3GM9S065:i749rk,💌【钻石】小蓝 API  300刀额度 不限时
3GM9S065:fq3ij9,100刀GPT额度兑换码
3GM9S065:1nvuwo,中转额度-500刀-支持opus4.8
3GM9S065:d46z7b,50刀余额兑换码(自助兑换)
3GM9S065:k4ux9w,gpt/codex中转站【100美刀额度】
3GM9S065:jtvb26,gpt普通账号（手搓，Mail邮箱，更适合充pro）
3GM9S065:8ilrp9,gpt/codex中转站【20美刀额度】
3GM9S065:hvelgj,coedx 接码 （一次码） 已上新来码率98%
3GM9S065:2jtdfa,💌【特惠周卡】小蓝 API  30刀额度/天
3GM9S065:srd32m,5元100张生图额度
3GM9S065:2k3kv9,【美区】20-25年 Gemini一年账号（需验证手机）
3GM9S065:ghs7j8,gpt普通账号（高质量Mail邮箱，带rt）
3GM9S065:657s6q,[普号]微软邮箱
3GM9S065:iadlwh,Paypal 60天长效 接码
3GM9S065:p1ctp2,低价AI中转站10刀通用额度
3GM9S065:oizeq1,ChatGPT API 中转 | 10刀体验
3GM9S065:b9vtd0,全新微软邮箱，Chatgpt账号。
3GM9S065:86hl7k,【美区】20-25年 Gemini一年账号(包GCP)
3GM9S065:4ngnxe,【随机】20-24年 Gemini一年账号（需验证手机）
3GM9S065:n880k1,ChatGPT API 中转 | 500刀
3GM9S065:xdxzo4,【代理拿货 10元/100$ 】【100 美金】 CC  Codex API 中转 兑换码 卡密· 招代理·  赚外快
3GM9S065:4yc10l,500刀通用额度
3GM9S065:knytg8,200刀通用额度
3GM9S065:hi72d8,Codex 50刀不限时
3GM9S065:6z5umg,100刀通用额度
3GM9S065:g01ckm,ChatGPT API 中转 | 100刀
3GM9S065:12yen2,hotmail 长效邮箱（自动化可使用）
3GM9S065:4abgrw,0刀虚拟卡【485954;不包任何业务，请测试后批量购买，无质保无售后】
3GM9S065:wdnxxm,苹果下载号可用于APPStore
3GM9S065:g1mjcl,【随机】20-24年 Gemini一年账号(大部分包GCP))
3GM9S065:sa6eje,Gmail邮箱质保首登无售后均已验活
3GM9S065:m2ymgx,微软hotmail
3GM9S065:737urg,全新微软 Outlook 邮箱 - 无售后
3GM9S065:sqvktp,gpt普通账号（微软outlook邮箱）
3GM9S065:aiejbj,gpt普通账号（微软hotmail邮箱）
3GM9S065:uf444t,gpt接码（有效期25-30天）
3GM9S065:tossi1,🎓 GitHub 学生包
3GM9S065:zvl420,Gemini 4个月激活链接（小白不要买，可以用10次，要资格号）
3GM9S065:w7zvim,Windsurf不限速（无质保）
3GM9S065:o5wlai,10刀余额兑换码(自助兑换)
3GM9S065:ui6682,10刀通用额度
3GM9S065:7e1lmh,auto-code 30刀额度卡
3GM9S065:zfpmog,🟨【21-26年老号】谷歌邮箱成品老号·Gmail带2fa链接·包登录🟡自动发货
3GM9S065:qfa0gc,服务项目7：企业谷歌邮箱账号
3GM9S065:2qrnrq,微软长效邮箱Outlook Trusted 邮箱- OAuth2 + Graph 满周长期有效
3GM9S065:5uhoit,Outlook邮箱—无售后
3GM9S065:pg3shd,微软长效-outlook-【gr/o2双令牌号】Graph令牌号和OAuth2-IMAP-POP3
3GM9S065:z6syr3,微软长效-Outlook
3GM9S065:a0jcz5,cursor月卡-插件计费 一天200额度
3GM9S065:ypjec1,Cursor 免费号(微软邮箱可改密)-可用Auto
3GM9S065:hzgvmh,自选地区 TG【1-2年静养】
3GM9S065:ktk492,Cursor 免费号-可用Auto（带账密）
3GM9S065:qg9j65,微软长效邮箱hotmail邮箱- OAuth2 + Graph 满周长期有效
3GM9S065:31ldkd,Twitter 账号
3GM9S065:9ymt47,自选地区 TG【4-8个月静养】
3GM9S065:w8mkuw,自选地区 TG【2-4个月静养】
3GM9S065:9ogk71,Figma教育版成品号 一年会员
3GM9S065:w9sv5a,【双接码微软】free（90％可开plus）
3GM9S065:b03xia,Outlook.de微软德国邮箱（OAuth2令牌邮箱，已开通IMAP POP3）
3GM9S065:nl53px,hotmail-令牌长效-已绑辅邮-卡密带辅邮账密-(已授权oauth2，IMAP GRAPH)
3GM9S065:d002rm,微软长效-outlook-【双令牌号】-【英文随机+数字】Graph令牌号和OAuth2-IMAP-POP3
3GM9S065:1wpxix,cursor周卡-不换号-插件计费
3GM9S065:w1dzk5,cursor日卡-不换号-插件
3GM9S065:7ermd4,Cursor普通账号（微软邮箱）
3GM9S065:ea7on0,中转站余额充值：100刀【不限时间】
3GM9S065:3kec24,中转站余额充值：50刀【不限时间】
3GM9S065:kfb9zb,中转站余额充值：10刀【不限时间】
3GM9S065:ekd371,outlook.jp/日本微软邮箱长效 OAuth2令牌号支持imap/pop/graph双协议
3GM9S065:j6yequ,outlook.com.au/澳大利亚微软邮箱长效 OAuth2令牌号支持imap/pop
3GM9S065:edtd3j,微软邮箱长效-outlook 满周长效oauth2令牌
3GM9S065:a50rsa,微软邮箱长效-outlook  oauth2令牌 refresh_token号  imap pop3
3GM9S065:yw8nky,长效【微软邮箱交付】GPT账号（白号）FREE普通号含access_token
3GM9S065:1srbbx,随机地区2022--2024年Gmail邮箱带2fa
3GM9S065:gpt1jj,服务项目8：中期谷歌账号-下单后直接找客服拿货！缺货找客服补货！
3GM9S065:qn118p,谷歌一年以上 2FA 谷歌账号Gmail邮箱购买 (部分有使用痕迹 谷歌云Gmail正常 )-缺货找客服补货！
3GM9S065:rs3zsx,【随机地区】谷歌邮箱20-24年
3GM9S065:clkl8i,【美区】谷歌账号20-24年
3GM9S065:isaes6,【随机】谷歌账号20-24年
3GM9S065:kjxraf,gemini三个月优惠链接，给老铁救急用
3GM9S065:21dali,outlook-令牌长效-邮件获取:imap;pop3;graph(双令牌通用)
3GM9S065:dkoqk4,Paypal接码(会用，知道干啥用的拍，相反的勿拍)（最低30天有效）
3GM9S065:7vn579,Kiro注册机源码
3GM9S065:e7vql3,稳定  一卡一绑 质保首登
3GM9S065:15v3sa,Outlook_长效令牌号_IMAP取件或者Graph取件
3GM9S065:52h2bl,微软长效-outlook-API取件-Graph令牌号和OAuth2
3GM9S065:lnhlf1,微软长效-Hotmail-API取件-Graph令牌号和OAuth2
3GM9S065:hbv2q1,微软长效-hotmail-【gr/o2双令牌号】-【英文随机+数字】Graph令牌号和OAuth2-IMAP-POP3
3GM9S065:htjn2z,微软长效-outlook-【gr/o2双令牌号】-【英文随机+数字】Graph令牌号和OAuth2-IMAP-POP3
3GM9S065:9nrzsl,PRO200刀有质保20X【正规充值】 可以续费 客服转账免手续费
3GM9S065:7ae947,PRO100刀有质保5X 【正规充值】可以续费 客服转账免手续费
3GM9S065:l62bzl,Token 中转站入门包（3个验活Token+部署教程）
3GM9S065:e2znac,3钻石💎试用装-CodexPro-使用时间不限时（电脑使用，免费帮忙配置）
3GM9S065:eqrsj4,plus5刀限时体验版本
3GM9S065:yzgp2g,chatgpt镜像站周卡
3GM9S065:dm6s47,多合一系统天卡（每小时限制30次）
3GM9S065:oa6sxo,50刀通用额度
3GM9S065:4bhr3o,【代理拿货 1元/10$ 】【10 美金】 CC  Codex API 中转 兑换码 卡密· 招代理·  赚外快
3GM9S065:fbgxsc,ChatGPT 普号 微软普号 无质保 一般不封 网页用， codex 需要自己接码
3GM9S065:x3rwhx,GPT账号【微软邮箱交付】（白号）gpt专用｜高权重家宽｜独享号
3GM9S065:tcd7ei,ChatGPT | 【高质量普号】
3GM9S065:hnexs5,全新微软 Hotmail 邮箱（可注册 GPT） - 无售后
3GM9S065:u3m6k0,Gpt认证Kyc
3GM9S065:kw7e9b,💌【黄金】小蓝 API 100刀额度 不限时
3GM9S065:jixiu8,💌【白银】小蓝 API  30刀额度 不限时
3GM9S065:v1zj0k,小白学会使用GPT完整教程
3GM9S065:u3icf8,💌【试用款】小蓝 API 30刀额度 日卡(每天限兑换一张)
3GM9S065:rwde24,➕客服V: ONE-AI-CLUB，拿货免手续费
3GM9S065:msq0lv,chatgpt free号50个（接过码）
3GM9S065:ytwhnk,纯plus-gpt(cx;5;4)—10刀
3GM9S065:psvevi,【美国+1】6-12个月 精品稳定号 | 中等权重 | 进阶安全使用期
3GM9S065:xxorwp,【美国+1 】高性价比新号 | 基础权重 | 必备小号备用号
3GM9S065:jnmknn,[全新] 超长效微软邮箱
2VWX76A4:sn6f2s,GPT Free 成品号全格式｜已接码｜可刷新 RT｜支持 sub / cpa  / JSON
3GM9S065:zf4mar,Codex支持普通/plus-1刀余额
GUEOI7Z9:egj162,GPT free Gmail邮箱 已开通2fa 未接码
Z65QS0QG:yar3d1,chatgpt free成品号  icloud邮箱 (未接码)
yimengai:vs5nbg,GPT Free 成品号全格式｜已接码｜可刷新 RT｜支持 sub / cpa  / JSON
2VWX76A4:wb1iuj,GPT谷歌Gmai邮箱free号(未接码大部分带免费资格)
2VWX76A4:jqizvb,印度UPI | 巴西PIX 提链10次卡 | 无质保
2VWX76A4:s0lh2m,GPT Free-账密 AT-长效outlook-适合各类业务
2VWX76A4:ib2aza,Gmail---URL Chatgpt专用接码 可分裂 群友专用链接
2VWX76A4:yokdd6,Gmail---URL Chatgpt专用接码 可分裂
2VWX76A4:9rb0ve,gmail 邮箱 Free 已开通2fa; 百分百0元优惠，开plus专用
2VWX76A4:tt202q,UPI/PP/IDEAL/PIX 印度UPI/日本PP/荷兰IDEAL/巴西PIX 通用卡密 10次 不成功不扣次数
2VWX76A4:2abn35,GPT Free-账密 RT-长效outlook-适合各类业务(可网页反代，除Codex)
2VWX76A4:1qg6k0,iCloud 邮箱｜稳定收发｜不要改密码｜无售后
2VWX76A4:33isqd,GPT账号【微软邮箱交付】（白号）gpt专用｜高权重家宽｜独享号
2VWX76A4:9jpsl4,反重力antigravity  24小时自助代过 CDK激活（扫码接码激活代过）
2VWX76A4:wdfcqo,长效outlook邮箱 OAuth2令牌号【未触发7天】 支持imap pop
2VWX76A4:mhq7od,Hotmail 可信赖活跃账户 3-6+ 个月（格式 OAUTH2)
2VWX76A4:db93g7,美实卡1个月有效
2VWX76A4:s3mdzj,微软长效-outlook-【gr/o2双令牌号】-【英文随机+数字】Graph令牌号和OAuth2-IMAP-POP3
ming:cfusjl,印度UPI | 巴西PIX 提链10次卡 | 无质保
ming:mu5152,13000额度—— 独享账号代升级 售出不退不换，速刷无质保  可以跑4.6max fast，无模型限制
ming:d48ldy,6500额度—— 独享账号代升级 售出不退不换，速刷无质保  可以跑4.6max fast，无模型限制
ming:iu1q8u,2600额度——400刀独享账号代升级 可以跑4.6max fast，无模型限制  30天
ming:yrlc5v,1300额度——独享账号代升级 可以跑4.6max fast，无模型限制  30天
ming:z7puho,700额度——独享账号代升级 可以跑4.6max fast，无模型限制  30天
ming:vifitf,cursor月卡-插件计费 一天200额度
ming:jxez7n,微软长效-outlook-【gr/o2双令牌号】-【英文随机+数字】
ming:30znq2,[全新] 超长效微软邮箱
ming:zbs52j,Pro5×低价人工直冲
ming:4qf6v8,[自营]GPT IMAGE2生图5500积分套餐
ming:5rykpb,cursor周卡-不换号-插件计费
ming:qohbr4,cursor日卡-不换号-插件
ming:ehco18,生图专用（image2，gemini模型）
3GM9S065:st3vc9,CODEX API 200刀不限时 非Free号池
3GM9S065:de0sas,CODEX API CDK 1000刀
3GM9S065:a4sjiv,CODEX API CDK 500刀
3GM9S065:2epwxw,Codex官方中转API 50美元0.1x倍率=500美元额度
3GM9S065:43x1le,codex  中转 api  100刀
3GM9S065:c61xns,Codex官方中转API 10美元0.1x倍率=100美元额度
3GM9S065:4orfta,CODEX API 100刀不限时 非Free号池
3GM9S065:t0k0io,CODEX API 50刀不限时 非Free号池
3GM9S065:hvpd7a,CODEX API 20刀不限时 非Free号池
3GM9S065:314s6a,CODEX API 10刀不限时 非Free号池